,name,real_x,real_y,R
0,20051019_38557_0100_PP.tif,2240,1488,103
1,20051020_43808_0100_PP.tif,2240,1488,103
2,20051020_43832_0100_PP.tif,2240,1488,103
3,20051020_43882_0100_PP.tif,2240,1488,103
4,20051020_43906_0100_PP.tif,2240,1488,103
5,20051020_44261_0100_PP.tif,2240,1488,103
6,20051020_44284_0100_PP.tif,2240,1488,103
7,20051020_44338_0100_PP.tif,2240,1488,103
8,20051020_44349_0100_PP.tif,2240,1488,103
9,20051020_44400_0100_PP.tif,2240,1488,103
10,20051020_44431_0100_PP.tif,2240,1488,103
11,20051020_44598_0100_PP.tif,2240,1488,103
12,20051020_44636_0100_PP.tif,2240,1488,103
13,20051020_44692_0100_PP.tif,2240,1488,103
14,20051020_44714_0100_PP.tif,2240,1488,103
15,20051020_44762_0100_PP.tif,2240,1488,103
16,20051020_44782_0100_PP.tif,2240,1488,103
17,20051020_44843_0100_PP.tif,2240,1488,103
18,20051020_44901_0100_PP.tif,2240,1488,103
19,20051020_44923_0100_PP.tif,2240,1488,103
20,20051020_44982_0100_PP.tif,2240,1488,103
21,20051020_45004_0100_PP.tif,2240,1488,103
22,20051020_45110_0100_PP.tif,2240,1488,103
23,20051020_52801_0100_PP.tif,2240,1488,103
24,20051020_53062_0100_PP.tif,2240,1488,103
25,20051020_53997_0100_PP.tif,2240,1488,103
26,20051020_55701_0100_PP.tif,2240,1488,103
27,20051020_56592_0100_PP.tif,2240,1488,103
28,20051020_56791_0100_PP.tif,2240,1488,103
29,20051020_57157_0100_PP.tif,2240,1488,103
30,20051020_57566_0100_PP.tif,2240,1488,103
31,20051020_57622_0100_PP.tif,2240,1488,103
32,20051020_57761_0100_PP.tif,2240,1488,103
33,20051020_57844_0100_PP.tif,2240,1488,103
34,20051020_57967_0100_PP.tif,2240,1488,103
35,20051020_58214_0100_PP.tif,2240,1488,103
36,20051020_58276_0100_PP.tif,2240,1488,103
37,20051020_61557_0100_PP.tif,2240,1488,103
38,20051020_61757_0100_PP.tif,2240,1488,103
39,20051020_61804_0100_PP.tif,2240,1488,103
40,20051020_61907_0100_PP.tif,2240,1488,103
41,20051020_61998_0100_PP.tif,2240,1488,103
42,20051020_62014_0100_PP.tif,2240,1488,103
43,20051020_62337_0100_PP.tif,2240,1488,103
44,20051020_62385_0100_PP.tif,2240,1488,103
45,20051020_62461_0100_PP.tif,2240,1488,103
46,20051020_62510_0100_PP.tif,2240,1488,103
47,20051020_62577_0100_PP.tif,2240,1488,103
48,20051020_62615_0100_PP.tif,2240,1488,103
49,20051020_62709_0100_PP.tif,2240,1488,103
50,20051020_62802_0100_PP.tif,2240,1488,103
51,20051020_62878_0100_PP.tif,2240,1488,103
52,20051020_63045_0100_PP.tif,2240,1488,103
53,20051020_63269_0100_PP.tif,2240,1488,103
54,20051020_63337_0100_PP.tif,2240,1488,103
55,20051020_63711_0100_PP.tif,2240,1488,103
56,20051020_63829_0100_PP.tif,2240,1488,103
57,20051020_63936_0100_PP.tif,2240,1488,103
58,20051020_64007_0100_PP.tif,2240,1488,103
59,20051020_64249_0100_PP.tif,2240,1488,103
60,20051020_64388_0100_PP.tif,2240,1488,103
61,20051020_64518_0100_PP.tif,2240,1488,103
62,20051020_64570_0100_PP.tif,2240,1488,103
63,20051020_64653_0100_PP.tif,2240,1488,103
64,20051020_64703_0100_PP.tif,2240,1488,103
65,20051020_64775_0100_PP.tif,2240,1488,103
66,20051020_64836_0100_PP.tif,2240,1488,103
67,20051020_64945_0100_PP.tif,2240,1488,103
68,20051020_64993_0100_PP.tif,2240,1488,103
69,20051020_65230_0100_PP.tif,2240,1488,103
70,20051021_36097_0100_PP.tif,2240,1488,103
71,20051021_36208_0100_PP.tif,2240,1488,103
72,20051021_36380_0100_PP.tif,2240,1488,103
73,20051021_36476_0100_PP.tif,2240,1488,103
74,20051021_39314_0100_PP.tif,2240,1488,103
75,20051021_39661_0100_PP.tif,2240,1488,103
76,20051021_39719_0100_PP.tif,2240,1488,103
77,20051021_39845_0100_PP.tif,2240,1488,103
78,20051021_39914_0100_PP.tif,2240,1488,103
79,20051021_40018_0100_PP.tif,2240,1488,103
80,20051021_40074_0100_PP.tif,2240,1488,103
81,20051021_40180_0100_PP.tif,2240,1488,103
82,20051021_40248_0100_PP.tif,2240,1488,103
83,20051021_40377_0100_PP.tif,2240,1488,103
84,20051021_40450_0100_PP.tif,2240,1488,103
85,20051021_51418_0100_PP.tif,2240,1488,103
86,20051021_51476_0100_PP.tif,2240,1488,103
87,20051021_51561_0100_PP.tif,2240,1488,103
88,20051021_51625_0100_PP.tif,2240,1488,103
89,20051021_51748_0100_PP.tif,2240,1488,103
90,20051021_51804_0100_PP.tif,2240,1488,103
91,20051021_51936_0100_PP.tif,2240,1488,103
92,20051021_51994_0100_PP.tif,2240,1488,103
93,20051021_52075_0100_PP.tif,2240,1488,103
94,20051021_52127_0100_PP.tif,2240,1488,103
95,20051021_57798_0100_PP.tif,2240,1488,103
96,20051021_57862_0100_PP.tif,2240,1488,103
97,20051021_57975_0100_PP.tif,2240,1488,103
98,20051021_58035_0100_PP.tif,2240,1488,103
99,20051021_58178_0100_PP.tif,2240,1488,103
100,20051021_58316_0100_PP.tif,2240,1488,103
101,20051021_58388_0100_PP.tif,2240,1488,103
102,20051021_58522_0100_PP.tif,2240,1488,103
103,20051021_58802_0100_PP.tif,2240,1488,103
104,20051021_59136_0100_PP.tif,2240,1488,103
105,20051021_59459_0100_PP.tif,2240,1488,103
106,20051021_59504_0100_PP.tif,2240,1488,103
107,20051021_59589_0100_PP.tif,2240,1488,103
108,20051213_61406_0100_PP.tif,2240,1488,103
109,20051213_61802_0100_PP.tif,2240,1488,103
110,20051213_61892_0100_PP.tif,2240,1488,103
111,20051213_61951_0100_PP.tif,2240,1488,103
112,20051213_62046_0100_PP.tif,2240,1488,103
113,20051213_62188_0100_PP.tif,2240,1488,103
114,20051213_62251_0100_PP.tif,2240,1488,103
115,20051213_62314_0100_PP.tif,2240,1488,103
116,20051213_62383_0100_PP.tif,2240,1488,103
117,20051213_62437_0100_PP.tif,2240,1488,103
118,20051213_62518_0100_PP.tif,2240,1488,103
119,20051213_62572_0100_PP.tif,2240,1488,103
120,20051213_62648_0100_PP.tif,2240,1488,103
121,20051213_62705_0100_PP.tif,2240,1488,103
122,20051214_40361_0100_PP.tif,2240,1488,103
123,20051214_40456_0100_PP.tif,2240,1488,103
124,20051214_40529_0100_PP.tif,2240,1488,103
125,20051214_40596_0100_PP.tif,2240,1488,103
126,20051214_40719_0100_PP.tif,2240,1488,103
127,20051214_40767_0100_PP.tif,2240,1488,103
128,20051214_40849_0100_PP.tif,2240,1488,103
129,20051214_40912_0100_PP.tif,2240,1488,103
130,20051214_40994_0100_PP.tif,2240,1488,103
131,20051214_41055_0100_PP.tif,2240,1488,103
132,20051214_41289_0100_PP.tif,2240,1488,103
133,20051214_41358_0100_PP.tif,2240,1488,103
134,20051214_41429_0100_PP.tif,2240,1488,103
135,20051214_41490_0100_PP.tif,2240,1488,103
136,20051214_41949_0100_PP.tif,2240,1488,103
137,20051214_42133_0100_PP.tif,2240,1488,103
138,20051214_42197_0100_PP.tif,2240,1488,103
139,20051214_42323_0100_PP.tif,2240,1488,103
140,20051214_42363_0100_PP.tif,2240,1488,103
141,20051214_50812_0100_PP.tif,2240,1488,103
142,20051214_50895_0100_PP.tif,2240,1488,103
143,20051214_50933_0100_PP.tif,2240,1488,103
144,20051214_51039_0100_PP.tif,2240,1488,103
145,20051214_51071_0100_PP.tif,2240,1488,103
146,20051214_51178_0100_PP.tif,2240,1488,103
147,20051214_51211_0100_PP.tif,2240,1488,103
148,20051214_51308_0100_PP.tif,2240,1488,103
149,20051214_51342_0100_PP.tif,2240,1488,103
150,20051214_51442_0100_PP.tif,2240,1488,103
151,20051214_51469_0100_PP.tif,2240,1488,103
152,20051214_51569_0100_PP.tif,2240,1488,103
153,20051214_51609_0100_PP.tif,2240,1488,103
154,20051214_51701_0100_PP.tif,2240,1488,103
155,20051214_51733_0100_PP.tif,2240,1488,103
156,20051214_51811_0100_PP.tif,2240,1488,103
157,20051214_51840_0100_PP.tif,2240,1488,103
158,20051214_52115_0100_PP.tif,2240,1488,103
159,20051214_52204_0100_PP.tif,2240,1488,103
160,20051214_52242_0100_PP.tif,2240,1488,103
161,20051214_52349_0100_PP.tif,2240,1488,103
162,20051214_52492_0100_PP.tif,2240,1488,103
163,20051214_52611_0100_PP.tif,2240,1488,103
164,20051214_52695_0100_PP.tif,2240,1488,103
165,20051214_52707_0100_PP.tif,2240,1488,103
166,20051214_53168_0100_PP.tif,2240,1488,103
167,20051214_56169_0100_PP.tif,2240,1488,103
168,20051214_56242_0100_PP.tif,2240,1488,103
169,20051214_56269_0100_PP.tif,2240,1488,103
170,20051214_56392_0100_PP.tif,2240,1488,103
171,20051214_56438_0100_PP.tif,2240,1488,103
172,20051214_56534_0100_PP.tif,2240,1488,103
173,20051214_56565_0100_PP.tif,2240,1488,103
174,20051214_56636_0100_PP.tif,2240,1488,103
175,20051214_56688_0100_PP.tif,2240,1488,103
176,20051214_56944_0100_PP.tif,2240,1488,103
177,20051214_56971_0100_PP.tif,2240,1488,103
178,20051214_57125_0100_PP.tif,2240,1488,103
179,20051214_57154_0100_PP.tif,2240,1488,103
180,20051214_57230_0100_PP.tif,2240,1488,103
181,20051214_57260_0100_PP.tif,2240,1488,103
182,20051214_57377_0100_PP.tif,2240,1488,103
183,20051214_57404_0100_PP.tif,2240,1488,103
184,20051214_57761_0100_PP.tif,2240,1488,103
185,20051214_57817_0100_PP.tif,2240,1488,103
186,20051214_57940_0100_PP.tif,2240,1488,103
187,20060522_43643_0100_PP.tif,2240,1488,103
188,20060522_43758_0100_PP.tif,2240,1488,103
189,20060522_45069_0100_PP.tif,2240,1488,103
190,20060522_45111_0100_PP.tif,2240,1488,103
191,20060522_45212_0100_PP.tif,2240,1488,103
192,20060522_45248_0100_PP.tif,2240,1488,103
193,20060522_45402_0100_PP.tif,2240,1488,103
194,20060522_45455_0100_PP.tif,2240,1488,103
195,20060522_45541_0100_PP.tif,2240,1488,103
196,20060522_45583_0100_PP.tif,2240,1488,103
197,20060522_45691_0100_PP.tif,2240,1488,103
198,20060522_45718_0100_PP.tif,2240,1488,103
199,20060522_45777_0100_PP.tif,2240,1488,103
200,20060522_45796_0100_PP.tif,2240,1488,103
201,20060522_45853_0100_PP.tif,2240,1488,103
202,20060522_45873_0100_PP.tif,2240,1488,103
203,20060522_45935_0100_PP.tif,2240,1488,103
204,20060522_45967_0100_PP.tif,2240,1488,103
205,20060522_46104_0100_PP.tif,2240,1488,103
206,20060522_46149_0100_PP.tif,2240,1488,103
207,20060522_46266_0100_PP.tif,2240,1488,103
208,20060522_46379_0100_PP.tif,2240,1488,103
209,20060522_46400_0100_PP.tif,2240,1488,103
210,20060522_46454_0100_PP.tif,2240,1488,103
211,20060523_42953_0100_PP.tif,2240,1488,103
212,20060523_43016_0100_PP.tif,2240,1488,103
213,20060523_43038_0100_PP.tif,2240,1488,103
214,20060523_43105_0100_PP.tif,2240,1488,103
215,20060523_43123_0100_PP.tif,2240,1488,103
216,20060523_43174_0100_PP.tif,2240,1488,103
217,20060523_43196_0100_PP.tif,2240,1488,103
218,20060523_43248_0100_PP.tif,2240,1488,103
219,20060523_43267_0100_PP.tif,2240,1488,103
220,20060523_43333_0100_PP.tif,2240,1488,103
221,20060523_43354_0100_PP.tif,2240,1488,103
222,20060523_45235_0100_PP.tif,2240,1488,103
223,20060523_45300_0100_PP.tif,2240,1488,103
224,20060523_45316_0100_PP.tif,2240,1488,103
225,20060523_45369_0100_PP.tif,2240,1488,103
226,20060523_45389_0100_PP.tif,2240,1488,103
227,20060523_45449_0100_PP.tif,2240,1488,103
228,20060523_45467_0100_PP.tif,2240,1488,103
229,20060523_45524_0100_PP.tif,2240,1488,103
230,20060523_45548_0100_PP.tif,2240,1488,103
231,20060523_45662_0100_PP.tif,2240,1488,103
232,20060523_45697_0100_PP.tif,2240,1488,103
233,20060523_45787_0100_PP.tif,2240,1488,103
234,20060523_45812_0100_PP.tif,2240,1488,103
235,20060523_47987_0100_PP.tif,2240,1488,103
236,20060523_48005_0100_PP.tif,2240,1488,103
237,20060523_48028_0100_PP.tif,2240,1488,103
238,20060523_48102_0100_PP.tif,2240,1488,103
239,20060523_48136_0100_PP.tif,2240,1488,103
240,20060523_48161_0100_PP.tif,2240,1488,103
241,20060523_48182_0100_PP.tif,2240,1488,103
242,20060523_48199_0100_PP.tif,2240,1488,103
243,20060523_48357_0100_PP.tif,2240,1488,103
244,20060523_48406_0100_PP.tif,2240,1488,103
245,20060523_48425_0100_PP.tif,2240,1488,103
246,20060523_48477_0100_PP.tif,2240,1488,103
247,20060523_48499_0100_PP.tif,2240,1488,103
248,20060523_48572_0100_PP.tif,2240,1488,103
249,20060523_48591_0100_PP.tif,2240,1488,103
250,20060523_48643_0100_PP.tif,2240,1488,103
251,20060523_48659_0100_PP.tif,2240,1488,103
252,20060523_48709_0100_PP.tif,2240,1488,103
253,20060523_48728_0100_PP.tif,2240,1488,103
254,20060523_48787_0100_PP.tif,2240,1488,103
255,20060523_48816_0100_PP.tif,2240,1488,103
256,20060523_48890_0100_PP.tif,2240,1488,103
257,20060523_48931_0100_PP.tif,2240,1488,103
258,20060523_48990_0100_PP.tif,2240,1488,103
259,20060523_49010_0100_PP.tif,2240,1488,103
260,20060523_49100_0100_PP.tif,2240,1488,103
261,20060523_49120_0100_PP.tif,2240,1488,103
262,20060523_49176_0100_PP.tif,2240,1488,103
263,20060523_49191_0100_PP.tif,2240,1488,103
264,20060523_49269_0100_PP.tif,2240,1488,103
265,20060523_49288_0100_PP.tif,2240,1488,103
266,20060523_49449_0100_PP.tif,2240,1488,103
267,20060523_49515_0100_PP.tif,2240,1488,103
268,20060523_49573_0100_PP.tif,2240,1488,103
269,20060523_49591_0100_PP.tif,2240,1488,103
270,20060523_49663_0100_PP.tif,2240,1488,103
271,20060523_49681_0100_PP.tif,2240,1488,103
272,20060523_49726_0100_PP.tif,2240,1488,103
273,20060523_49745_0100_PP.tif,2240,1488,103
274,20060523_49791_0100_PP.tif,2240,1488,103
275,20060523_49859_0100_PP.tif,2240,1488,103
276,20060523_49875_0100_PP.tif,2240,1488,103
277,20060523_49928_0100_PP.tif,2240,1488,103
278,20060523_49942_0100_PP.tif,2240,1488,103
279,20060523_50003_0100_PP.tif,2240,1488,103
280,20060523_50019_0100_PP.tif,2240,1488,103
281,20060523_50135_0100_PP.tif,2240,1488,103
282,20060523_50153_0100_PP.tif,2240,1488,103
283,20060523_50234_0100_PP.tif,2240,1488,103
284,20060523_50262_0100_PP.tif,2240,1488,103
285,20060523_50325_0100_PP.tif,2240,1488,103
286,20060523_50342_0100_PP.tif,2240,1488,103
287,20060523_50392_0100_PP.tif,2240,1488,103
288,20060523_50408_0100_PP.tif,2240,1488,103
289,20060523_50489_0100_PP.tif,2240,1488,103
290,20060523_50539_0100_PP.tif,2240,1488,103
291,20060523_50556_0100_PP.tif,2240,1488,103
292,20060523_50616_0100_PP.tif,2240,1488,103
293,20060523_50631_0100_PP.tif,2240,1488,103
294,20060523_50707_0100_PP.tif,2240,1488,103
295,20060523_50730_0100_PP.tif,2240,1488,103
296,20060523_50790_0100_PP.tif,2240,1488,103
297,20060523_50806_0100_PP.tif,2240,1488,103
298,20060529_56013_0100_PP.tif,2240,1488,103
299,20060529_56039_0100_PP.tif,2240,1488,103
300,20060529_56255_0100_PP.tif,2240,1488,103
301,20060529_56338_0100_PP.tif,2240,1488,103
302,20060529_56420_0100_PP.tif,2240,1488,103
303,20060529_56442_0100_PP.tif,2240,1488,103
304,20060529_56563_0100_PP.tif,2240,1488,103
305,20060529_56592_0100_PP.tif,2240,1488,103
306,20060529_56700_0100_PP.tif,2240,1488,103
307,20060529_56730_0100_PP.tif,2240,1488,103
308,20060529_56834_0100_PP.tif,2240,1488,103
309,20060529_56853_0100_PP.tif,2240,1488,103
310,20060529_56948_0100_PP.tif,2240,1488,103
311,20060529_56968_0100_PP.tif,2240,1488,103
312,20060529_57030_0100_PP.tif,2240,1488,103
313,20060529_57063_0100_PP.tif,2240,1488,103
314,20060529_57156_0100_PP.tif,2240,1488,103
315,20060529_57174_0100_PP.tif,2240,1488,103
316,20060529_57261_0100_PP.tif,2240,1488,103
317,20060529_57287_0100_PP.tif,2240,1488,103
318,20060529_57351_0100_PP.tif,2240,1488,103
319,20060529_57447_0100_PP.tif,2240,1488,103
320,20060530_36788_0100_PP.tif,2240,1488,103
321,20060530_36860_0100_PP.tif,2240,1488,103
322,20060530_36895_0100_PP.tif,2240,1488,103
323,20060530_51254_0100_PP.tif,2240,1488,103
324,20060530_51279_0100_PP.tif,2240,1488,103
325,20060530_51377_0100_PP.tif,2240,1488,103
326,20060530_51399_0100_PP.tif,2240,1488,103
327,20060530_52988_0100_PP.tif,2240,1488,103
328,20060530_53042_0100_PP.tif,2240,1488,103
329,20060530_53062_0100_PP.tif,2240,1488,103
330,20060530_53132_0100_PP.tif,2240,1488,103
331,20060530_53152_0100_PP.tif,2240,1488,103
332,20060530_53233_0100_PP.tif,2240,1488,103
333,20060530_53271_0100_PP.tif,2240,1488,103
334,20060530_53421_0100_PP.tif,2240,1488,103
335,20060530_53455_0100_PP.tif,2240,1488,103
336,20060530_53522_0100_PP.tif,2240,1488,103
337,20060530_53540_0100_PP.tif,2240,1488,103
338,20060530_53597_0100_PP.tif,2240,1488,103
339,20060530_53617_0100_PP.tif,2240,1488,103
340,20060530_53742_0100_PP.tif,2240,1488,103
341,20060530_53761_0100_PP.tif,2240,1488,103
342,20060530_53816_0100_PP.tif,2240,1488,103
343,20060530_53836_0100_PP.tif,2240,1488,103
344,20060530_53928_0100_PP.tif,2240,1488,103
345,20060530_53954_0100_PP.tif,2240,1488,103
346,20060530_54011_0100_PP.tif,2240,1488,103
347,20060530_54030_0100_PP.tif,2240,1488,103
348,20060530_54107_0100_PP.tif,2240,1488,103
349,20060530_54117_0100_PP.tif,2240,1488,103
350,20060530_54223_0100_PP.tif,2240,1488,103
351,20060530_54242_0100_PP.tif,2240,1488,103
352,20060530_54312_0100_PP.tif,2240,1488,103
353,20060530_54332_0100_PP.tif,2240,1488,103
354,20060530_54443_0100_PP.tif,2240,1488,103
355,20060530_54529_0100_PP.tif,2240,1488,103
356,20060530_54556_0100_PP.tif,2240,1488,103
357,20060530_54632_0100_PP.tif,2240,1488,103
358,20060530_54653_0100_PP.tif,2240,1488,103
359,20060530_54718_0100_PP.tif,2240,1488,103
360,20060530_55180_0100_PP.tif,2240,1488,103
361,20060530_55203_0100_PP.tif,2240,1488,103
362,20060530_55304_0100_PP.tif,2240,1488,103
363,20060530_55370_0100_PP.tif,2240,1488,103
364,20060530_55390_0100_PP.tif,2240,1488,103
365,20060530_55451_0100_PP.tif,2240,1488,103
366,20060530_55607_0100_PP.tif,2240,1488,103
367,20060530_55628_0100_PP.tif,2240,1488,103
368,20060530_55724_0100_PP.tif,2240,1488,103
369,20060530_55746_0100_PP.tif,2240,1488,103
370,20060530_55816_0100_PP.tif,2240,1488,103
371,20060530_55837_0100_PP.tif,2240,1488,103
372,20051216_43814_0200_PP.tif,1440,960,68
373,20051216_43913_0200_PP.tif,1440,960,68
374,20051216_44066_0200_PP.tif,1440,960,68
375,20051216_44092_0200_PP.tif,1440,960,68
376,20051216_44221_0200_PP.tif,1440,960,68
377,20051216_44252_0200_PP.tif,1440,960,68
378,20051216_44398_0200_PP.tif,1440,960,68
379,20051216_44420_0200_PP.tif,1440,960,68
380,20051216_44635_0200_PP.tif,1440,960,68
381,20051216_44660_0200_PP.tif,1440,960,68
382,20051216_44811_0200_PP.tif,1440,960,68
383,20051216_44832_0200_PP.tif,1440,960,68
384,20051216_44939_0200_PP.tif,1440,960,68
385,20051216_44961_0200_PP.tif,1440,960,68
386,20051216_45076_0200_PP.tif,1440,960,68
387,20051216_45100_0200_PP.tif,1440,960,68
388,20051216_45351_0200_PP.tif,1440,960,68
389,20051216_45375_0200_PP.tif,1440,960,68
390,20051216_45478_0200_PP.tif,1440,960,68
391,20051216_45499_0200_PP.tif,1440,960,68
392,20051216_45595_0200_PP.tif,1440,960,68
393,20051216_45619_0200_PP.tif,1440,960,68
394,20051216_45757_0200_PP.tif,1440,960,68
395,20051216_45781_0200_PP.tif,1440,960,68
396,20051216_45873_0200_PP.tif,1440,960,68
397,20051216_45899_0200_PP.tif,1440,960,68
398,20051216_45992_0200_PP.tif,1440,960,68
399,20051216_46018_0200_PP.tif,1440,960,68
400,20051216_46156_0200_PP.tif,1440,960,68
401,20051216_46183_0200_PP.tif,1440,960,68
402,20051216_46624_0200_PP.tif,1440,960,68
403,20051216_46660_0200_PP.tif,1440,960,68
404,20051216_46827_0200_PP.tif,1440,960,68
405,20051216_46847_0200_PP.tif,1440,960,68
406,20051216_47383_0200_PP.tif,1440,960,68
407,20051216_47420_0200_PP.tif,1440,960,68
408,20051216_47514_0200_PP.tif,1440,960,68
409,20051216_47536_0200_PP.tif,1440,960,68
410,20051216_47668_0200_PP.tif,1440,960,68
411,20051216_47703_0200_PP.tif,1440,960,68
412,20060119_41191_0200_PP.tif,1440,960,68
413,20060407_38711_0200_PP.tif,1440,960,68
414,20060407_38970_0200_PP.tif,1440,960,68
415,20060407_39155_0200_PP.tif,1440,960,68
416,20060407_39184_0200_PP.tif,1440,960,68
417,20060407_39306_0200_PP.tif,1440,960,68
418,20060407_39328_0200_PP.tif,1440,960,68
419,20060407_39402_0200_PP.tif,1440,960,68
420,20060407_39435_0200_PP.tif,1440,960,68
421,20060407_39546_0200_PP.tif,1440,960,68
422,20060407_39567_0200_PP.tif,1440,960,68
423,20060407_39667_0200_PP.tif,1440,960,68
424,20060407_39687_0200_PP.tif,1440,960,68
425,20060407_39761_0200_PP.tif,1440,960,68
426,20060407_39780_0200_PP.tif,1440,960,68
427,20060407_40582_0200_PP.tif,1440,960,68
428,20060407_40624_0200_PP.tif,1440,960,68
429,20060407_40740_0200_PP.tif,1440,960,68
430,20060407_40761_0200_PP.tif,1440,960,68
431,20060407_40937_0200_PP.tif,1440,960,68
432,20060407_40957_0200_PP.tif,1440,960,68
433,20060407_41149_0200_PP.tif,1440,960,68
434,20060407_41177_0200_PP.tif,1440,960,68
435,20060407_41312_0200_PP.tif,1440,960,68
436,20060407_41330_0200_PP.tif,1440,960,68
437,20060407_41809_0200_PP.tif,1440,960,68
438,20060407_41831_0200_PP.tif,1440,960,68
439,20060407_41937_0200_PP.tif,1440,960,68
440,20060407_41980_0200_PP.tif,1440,960,68
441,20060407_42099_0200_PP.tif,1440,960,68
442,20060407_42133_0200_PP.tif,1440,960,68
443,20060407_42290_0200_PP.tif,1440,960,68
444,20060407_42308_0200_PP.tif,1440,960,68
445,20060407_43223_0200_PP.tif,1440,960,68
446,20060407_43258_0200_PP.tif,1440,960,68
447,20060407_43436_0200_PP.tif,1440,960,68
448,20060407_43460_0200_PP.tif,1440,960,68
449,20060407_43594_0200_PP.tif,1440,960,68
450,20060407_43618_0200_PP.tif,1440,960,68
451,20060407_43726_0200_PP.tif,1440,960,68
452,20060407_43746_0200_PP.tif,1440,960,68
453,20060407_43856_0200_PP.tif,1440,960,68
454,20060407_44042_0200_PP.tif,1440,960,68
455,20060407_44061_0200_PP.tif,1440,960,68
456,20060407_44173_0200_PP.tif,1440,960,68
457,20060407_44192_0200_PP.tif,1440,960,68
458,20060407_44285_0200_PP.tif,1440,960,68
459,20060407_44304_0200_PP.tif,1440,960,68
460,20060407_44400_0200_PP.tif,1440,960,68
461,20060407_44422_0200_PP.tif,1440,960,68
462,20060407_44510_0200_PP.tif,1440,960,68
463,20060407_44529_0200_PP.tif,1440,960,68
464,20060407_44617_0200_PP.tif,1440,960,68
465,20060407_44636_0200_PP.tif,1440,960,68
466,20060407_44743_0200_PP.tif,1440,960,68
467,20060407_44766_0200_PP.tif,1440,960,68
468,20060407_44866_0200_PP.tif,1440,960,68
469,20060407_44889_0200_PP.tif,1440,960,68
470,20060407_45087_0200_PP.tif,1440,960,68
471,20060407_45107_0200_PP.tif,1440,960,68
472,20060407_45230_0200_PP.tif,1440,960,68
473,20060407_45247_0200_PP.tif,1440,960,68
474,20060407_45362_0200_PP.tif,1440,960,68
475,20060407_45379_0200_PP.tif,1440,960,68
476,20060407_45477_0200_PP.tif,1440,960,68
477,20060407_45494_0200_PP.tif,1440,960,68
478,20060407_45592_0200_PP.tif,1440,960,68
479,20060407_45611_0200_PP.tif,1440,960,68
480,20060407_45718_0200_PP.tif,1440,960,68
481,20060407_45737_0200_PP.tif,1440,960,68
482,20060407_45834_0200_PP.tif,1440,960,68
483,20060407_45852_0200_PP.tif,1440,960,68
484,20060407_45932_0200_PP.tif,1440,960,68
485,20060407_45949_0200_PP.tif,1440,960,68
486,20060407_46050_0200_PP.tif,1440,960,68
487,20060407_46070_0200_PP.tif,1440,960,68
488,20060407_46235_0200_PP.tif,1440,960,68
489,20060407_46257_0200_PP.tif,1440,960,68
490,20060407_46394_0200_PP.tif,1440,960,68
491,20060407_46422_0200_PP.tif,1440,960,68
492,20060410_39047_0200_PP.tif,1440,960,68
493,20060410_39075_0200_PP.tif,1440,960,68
494,20060410_39203_0200_PP.tif,1440,960,68
495,20060410_39229_0200_PP.tif,1440,960,68
496,20060410_39334_0200_PP.tif,1440,960,68
497,20060410_39355_0200_PP.tif,1440,960,68
498,20060410_39476_0200_PP.tif,1440,960,68
499,20060410_39500_0200_PP.tif,1440,960,68
500,20060410_39586_0200_PP.tif,1440,960,68
501,20060410_39606_0200_PP.tif,1440,960,68
502,20060410_39695_0200_PP.tif,1440,960,68
503,20060410_39726_0200_PP.tif,1440,960,68
504,20060410_39859_0200_PP.tif,1440,960,68
505,20060410_39879_0200_PP.tif,1440,960,68
506,20060410_39976_0200_PP.tif,1440,960,68
507,20060410_39994_0200_PP.tif,1440,960,68
508,20060410_40146_0200_PP.tif,1440,960,68
509,20060410_40165_0200_PP.tif,1440,960,68
510,20060410_40254_0200_PP.tif,1440,960,68
511,20060410_40274_0200_PP.tif,1440,960,68
512,20060410_40381_0200_PP.tif,1440,960,68
513,20060410_40403_0200_PP.tif,1440,960,68
514,20060410_40481_0200_PP.tif,1440,960,68
515,20060410_40499_0200_PP.tif,1440,960,68
516,20060410_40605_0200_PP.tif,1440,960,68
517,20060410_40633_0200_PP.tif,1440,960,68
518,20060410_40830_0200_PP.tif,1440,960,68
519,20060410_40846_0200_PP.tif,1440,960,68
520,20060410_40953_0200_PP.tif,1440,960,68
521,20060410_40979_0200_PP.tif,1440,960,68
522,20060410_41077_0200_PP.tif,1440,960,68
523,20060410_41098_0200_PP.tif,1440,960,68
524,20060410_41191_0200_PP.tif,1440,960,68
525,20060410_41209_0200_PP.tif,1440,960,68
526,20060410_41330_0200_PP.tif,1440,960,68
527,20060410_41356_0200_PP.tif,1440,960,68
528,20060410_41603_0200_PP.tif,1440,960,68
529,20060410_41626_0200_PP.tif,1440,960,68
530,20060410_41747_0200_PP.tif,1440,960,68
531,20060410_41767_0200_PP.tif,1440,960,68
532,20060410_41880_0200_PP.tif,1440,960,68
533,20060410_41901_0200_PP.tif,1440,960,68
534,20060410_43675_0200_PP.tif,1440,960,68
535,20060410_43698_0200_PP.tif,1440,960,68
536,20060410_43847_0200_PP.tif,1440,960,68
537,20060410_43868_0200_PP.tif,1440,960,68
538,20060410_43959_0200_PP.tif,1440,960,68
539,20060410_43979_0200_PP.tif,1440,960,68
540,20060410_44106_0200_PP.tif,1440,960,68
541,20060410_44124_0200_PP.tif,1440,960,68
542,20060410_44224_0200_PP.tif,1440,960,68
543,20060410_44248_0200_PP.tif,1440,960,68
544,20060410_44345_0200_PP.tif,1440,960,68
545,20060410_44364_0200_PP.tif,1440,960,68
546,20060410_44464_0200_PP.tif,1440,960,68
547,20060410_44504_0200_PP.tif,1440,960,68
548,20060410_44601_0200_PP.tif,1440,960,68
549,20060410_44623_0200_PP.tif,1440,960,68
550,20060410_44934_0200_PP.tif,1440,960,68
551,20060410_44953_0200_PP.tif,1440,960,68
552,20060410_45167_0200_PP.tif,1440,960,68
553,20060410_45188_0200_PP.tif,1440,960,68
554,20060410_46874_0200_PP.tif,1440,960,68
555,20060410_46893_0200_PP.tif,1440,960,68
556,20060410_47016_0200_PP.tif,1440,960,68
557,20060410_47042_0200_PP.tif,1440,960,68
558,20060410_47166_0200_PP.tif,1440,960,68
559,20060410_47186_0200_PP.tif,1440,960,68
560,20060410_47331_0200_PP.tif,1440,960,68
561,20060410_47351_0200_PP.tif,1440,960,68
562,20060411_51958_0200_PP.tif,1440,960,68
563,20060411_51985_0200_PP.tif,1440,960,68
564,20060411_57853_0200_PP.tif,1440,960,68
565,20060411_57879_0200_PP.tif,1440,960,68
566,20060411_57962_0200_PP.tif,1440,960,68
567,20060411_57986_0200_PP.tif,1440,960,68
568,20060411_58051_0200_PP.tif,1440,960,68
569,20060411_58071_0200_PP.tif,1440,960,68
570,20060411_58134_0200_PP.tif,1440,960,68
571,20060411_58155_0200_PP.tif,1440,960,68
572,20060411_58221_0200_PP.tif,1440,960,68
573,20060411_58238_0200_PP.tif,1440,960,68
574,20060411_58303_0200_PP.tif,1440,960,68
575,20060411_58328_0200_PP.tif,1440,960,68
576,20060411_58392_0200_PP.tif,1440,960,68
577,20060411_58413_0200_PP.tif,1440,960,68
578,20060411_58469_0200_PP.tif,1440,960,68
579,20060411_58494_0200_PP.tif,1440,960,68
580,20060411_58624_0200_PP.tif,1440,960,68
581,20060411_58644_0200_PP.tif,1440,960,68
582,20060411_58718_0200_PP.tif,1440,960,68
583,20060411_58736_0200_PP.tif,1440,960,68
584,20060411_58808_0200_PP.tif,1440,960,68
585,20060411_58829_0200_PP.tif,1440,960,68
586,20060411_58891_0200_PP.tif,1440,960,68
587,20060411_58913_0200_PP.tif,1440,960,68
588,20060411_58971_0200_PP.tif,1440,960,68
589,20060411_58993_0200_PP.tif,1440,960,68
590,20060411_59087_0200_PP.tif,1440,960,68
591,20060411_59176_0200_PP.tif,1440,960,68
592,20060411_59190_0200_PP.tif,1440,960,68
593,20060411_59549_0200_PP.tif,1440,960,68
594,20060411_59587_0200_PP.tif,1440,960,68
595,20060411_59638_0200_PP.tif,1440,960,68
596,20060411_59657_0200_PP.tif,1440,960,68
597,20060411_59728_0200_PP.tif,1440,960,68
598,20060411_59747_0200_PP.tif,1440,960,68
599,20060411_59859_0200_PP.tif,1440,960,68
600,20060411_59919_0200_PP.tif,1440,960,68
601,20060411_59941_0200_PP.tif,1440,960,68
602,20060411_60009_0200_PP.tif,1440,960,68
603,20060411_60028_0200_PP.tif,1440,960,68
604,20060411_60263_0200_PP.tif,1440,960,68
605,20060411_60283_0200_PP.tif,1440,960,68
606,20060411_60347_0200_PP.tif,1440,960,68
607,20060411_60368_0200_PP.tif,1440,960,68
608,20060411_60426_0200_PP.tif,1440,960,68
609,20060411_60446_0200_PP.tif,1440,960,68
610,20060411_60511_0200_PP.tif,1440,960,68
611,20060411_60533_0200_PP.tif,1440,960,68
612,20060411_61029_0200_PP.tif,1440,960,68
613,20060411_61060_0200_PP.tif,1440,960,68
614,20060411_61196_0200_PP.tif,1440,960,68
615,20060411_61214_0200_PP.tif,1440,960,68
616,20060411_61402_0200_PP.tif,1440,960,68
617,20060411_61419_0200_PP.tif,1440,960,68
618,20060411_61478_0200_PP.tif,1440,960,68
619,20060411_61494_0200_PP.tif,1440,960,68
620,20060411_61548_0200_PP.tif,1440,960,68
621,20060411_61564_0200_PP.tif,1440,960,68
622,20060411_61624_0200_PP.tif,1440,960,68
623,20060411_61641_0200_PP.tif,1440,960,68
624,20060411_61687_0200_PP.tif,1440,960,68
625,20060411_61702_0200_PP.tif,1440,960,68
626,20060411_61781_0200_PP.tif,1440,960,68
627,20060411_61808_0200_PP.tif,1440,960,68
628,20060411_61869_0200_PP.tif,1440,960,68
629,20060411_61901_0200_PP.tif,1440,960,68
630,20060411_61952_0200_PP.tif,1440,960,68
631,20060411_61979_0200_PP.tif,1440,960,68
632,20060411_62036_0200_PP.tif,1440,960,68
633,20060411_62058_0200_PP.tif,1440,960,68
634,20060411_62142_0200_PP.tif,1440,960,68
635,20060411_62162_0200_PP.tif,1440,960,68
636,20060411_62228_0200_PP.tif,1440,960,68
637,20060411_62250_0200_PP.tif,1440,960,68
638,20060411_62298_0200_PP.tif,1440,960,68
639,20060411_62319_0200_PP.tif,1440,960,68
640,20060411_62373_0200_PP.tif,1440,960,68
641,20060411_62390_0200_PP.tif,1440,960,68
642,20060412_51656_0200_PP.tif,1440,960,68
643,20060412_51677_0200_PP.tif,1440,960,68
644,20060412_51746_0200_PP.tif,1440,960,68
645,20060412_51775_0200_PP.tif,1440,960,68
646,20060412_51835_0200_PP.tif,1440,960,68
647,20060412_51860_0200_PP.tif,1440,960,68
648,20060412_51932_0200_PP.tif,1440,960,68
649,20060412_51952_0200_PP.tif,1440,960,68
650,20060412_52020_0200_PP.tif,1440,960,68
651,20060412_52038_0200_PP.tif,1440,960,68
652,20060412_52098_0200_PP.tif,1440,960,68
653,20060412_52122_0200_PP.tif,1440,960,68
654,20060412_52174_0200_PP.tif,1440,960,68
655,20060412_52194_0200_PP.tif,1440,960,68
656,20060412_52245_0200_PP.tif,1440,960,68
657,20060412_52271_0200_PP.tif,1440,960,68
658,20060412_52351_0200_PP.tif,1440,960,68
659,20060412_52371_0200_PP.tif,1440,960,68
660,20060412_52425_0200_PP.tif,1440,960,68
661,20060412_52446_0200_PP.tif,1440,960,68
662,20060412_52497_0200_PP.tif,1440,960,68
663,20060412_52587_0200_PP.tif,1440,960,68
664,20060412_52606_0200_PP.tif,1440,960,68
665,20060412_52668_0200_PP.tif,1440,960,68
666,20060412_52685_0200_PP.tif,1440,960,68
667,20060412_52758_0200_PP.tif,1440,960,68
668,20060412_52777_0200_PP.tif,1440,960,68
669,20060412_52840_0200_PP.tif,1440,960,68
670,20060412_52860_0200_PP.tif,1440,960,68
671,20060412_52910_0200_PP.tif,1440,960,68
672,20060412_52931_0200_PP.tif,1440,960,68
673,20060412_52978_0200_PP.tif,1440,960,68
674,20060412_52997_0200_PP.tif,1440,960,68
675,20060412_53045_0200_PP.tif,1440,960,68
676,20060412_57650_0200_PP.tif,1440,960,68
677,20060412_57680_0200_PP.tif,1440,960,68
678,20060412_57846_0200_PP.tif,1440,960,68
679,20060412_57874_0200_PP.tif,1440,960,68
680,20060412_57952_0200_PP.tif,1440,960,68
681,20060412_57974_0200_PP.tif,1440,960,68
682,20060412_58032_0200_PP.tif,1440,960,68
683,20060412_58054_0200_PP.tif,1440,960,68
684,20060412_58137_0200_PP.tif,1440,960,68
685,20060412_58171_0200_PP.tif,1440,960,68
686,20060412_58287_0200_PP.tif,1440,960,68
687,20060412_58314_0200_PP.tif,1440,960,68
688,20060412_58368_0200_PP.tif,1440,960,68
689,20060412_58387_0200_PP.tif,1440,960,68
690,20060412_58471_0200_PP.tif,1440,960,68
691,20060412_58497_0200_PP.tif,1440,960,68
692,20060412_58548_0200_PP.tif,1440,960,68
693,20060412_58563_0200_PP.tif,1440,960,68
694,20060412_58638_0200_PP.tif,1440,960,68
695,20060412_58668_0200_PP.tif,1440,960,68
696,20060412_58723_0200_PP.tif,1440,960,68
697,20060412_58747_0200_PP.tif,1440,960,68
698,20060412_58802_0200_PP.tif,1440,960,68
699,20060412_58819_0200_PP.tif,1440,960,68
700,20060412_58869_0200_PP.tif,1440,960,68
701,20060412_58945_0200_PP.tif,1440,960,68
702,20060412_58965_0200_PP.tif,1440,960,68
703,20060412_59012_0200_PP.tif,1440,960,68
704,20060412_59037_0200_PP.tif,1440,960,68
705,20060412_59100_0200_PP.tif,1440,960,68
706,20060412_59124_0200_PP.tif,1440,960,68
707,20060412_59175_0200_PP.tif,1440,960,68
708,20060412_59196_0200_PP.tif,1440,960,68
709,20060412_59242_0200_PP.tif,1440,960,68
710,20060412_59259_0200_PP.tif,1440,960,68
711,20060412_59338_0200_PP.tif,1440,960,68
712,20060412_59355_0200_PP.tif,1440,960,68
713,20060412_59400_0200_PP.tif,1440,960,68
714,20060412_59423_0200_PP.tif,1440,960,68
715,20060412_59636_0200_PP.tif,1440,960,68
716,20060412_59658_0200_PP.tif,1440,960,68
717,20060412_59717_0200_PP.tif,1440,960,68
718,20060412_59735_0200_PP.tif,1440,960,68
719,20060412_60337_0200_PP.tif,1440,960,68
720,20060412_60396_0200_PP.tif,1440,960,68
721,20060412_60454_0200_PP.tif,1440,960,68
722,20060412_60475_0200_PP.tif,1440,960,68
723,20060412_60545_0200_PP.tif,1440,960,68
724,20060412_60573_0200_PP.tif,1440,960,68
725,20060412_60751_0200_PP.tif,1440,960,68
726,20060412_60773_0200_PP.tif,1440,960,68
727,20060412_60825_0200_PP.tif,1440,960,68
728,20060412_60845_0200_PP.tif,1440,960,68
729,20060412_60895_0200_PP.tif,1440,960,68
730,20060412_60978_0200_PP.tif,1440,960,68
731,20060412_61000_0200_PP.tif,1440,960,68
732,20060412_61064_0200_PP.tif,1440,960,68
733,20060412_61081_0200_PP.tif,1440,960,68
734,20060412_61151_0200_PP.tif,1440,960,68
735,20060412_61169_0200_PP.tif,1440,960,68
736,20060412_61222_0200_PP.tif,1440,960,68
737,20060412_61251_0200_PP.tif,1440,960,68
738,20060412_61299_0200_PP.tif,1440,960,68
739,20060412_61316_0200_PP.tif,1440,960,68
740,20060412_61365_0200_PP.tif,1440,960,68
741,20060412_61383_0200_PP.tif,1440,960,68
742,20060412_61433_0200_PP.tif,1440,960,68
743,20060412_61450_0200_PP.tif,1440,960,68
744,20060412_61501_0200_PP.tif,1440,960,68
745,20060412_61525_0200_PP.tif,1440,960,68
746,20060412_61593_0200_PP.tif,1440,960,68
747,20060412_61615_0200_PP.tif,1440,960,68
748,20060412_61665_0200_PP.tif,1440,960,68
749,20060412_61681_0200_PP.tif,1440,960,68
750,20060412_61790_0200_PP.tif,1440,960,68
751,20060412_61808_0200_PP.tif,1440,960,68
752,20060412_62936_0200_PP.tif,1440,960,68
753,20060412_62960_0200_PP.tif,1440,960,68
754,20060412_63009_0200_PP.tif,1440,960,68
755,20060412_63032_0200_PP.tif,1440,960,68
756,20060412_63088_0200_PP.tif,1440,960,68
757,20060412_63104_0200_PP.tif,1440,960,68
758,20051109_57451_0400_PP.tif,1440,960,68
759,20051109_57843_0400_PP.tif,1440,960,68
760,20051109_59582_0400_PP.tif,1440,960,68
761,20051109_59751_0400_PP.tif,1440,960,68
762,20051109_59864_0400_PP.tif,1440,960,68
763,20051109_59969_0400_PP.tif,1440,960,68
764,20051109_60031_0400_PP.tif,1440,960,68
765,20051109_60136_0400_PP.tif,1440,960,68
766,20051110_33960_0400_PP.tif,1440,960,68
767,20051110_34013_0400_PP.tif,1440,960,68
768,20051110_34071_0400_PP.tif,1440,960,68
769,20051110_34493_0400_PP.tif,1440,960,68
770,20051110_35239_0400_PP.tif,1440,960,68
771,20051110_35279_0400_PP.tif,1440,960,68
772,20051110_35332_0400_PP.tif,1440,960,68
773,20051110_35926_0400_PP.tif,1440,960,68
774,20051110_37992_0400_PP.tif,1440,960,68
775,20051110_38111_0400_PP.tif,1440,960,68
776,20051110_38156_0400_PP.tif,1440,960,68
777,20051110_38194_0400_PP.tif,1440,960,68
778,20051110_38239_0400_PP.tif,1440,960,68
779,20051110_38280_0400_PP.tif,1440,960,68
780,20051110_38313_0400_PP.tif,1440,960,68
781,20051110_38352_0400_PP.tif,1440,960,68
782,20051110_38372_0400_PP.tif,1440,960,68
783,20051110_38411_0400_PP.tif,1440,960,68
784,20051110_38442_0400_PP.tif,1440,960,68
785,20051110_38472_0400_PP.tif,1440,960,68
786,20051110_38507_0400_PP.tif,1440,960,68
787,20051110_38644_0400_PP.tif,1440,960,68
788,20051110_38702_0400_PP.tif,1440,960,68
789,20051116_43388_0400_PP.tif,1440,960,68
790,20051116_43585_0400_PP.tif,1440,960,68
791,20051116_43679_0400_PP.tif,1440,960,68
792,20051116_43710_0400_PP.tif,1440,960,68
793,20051116_43721_0400_PP.tif,1440,960,68
794,20051116_43785_0400_PP.tif,1440,960,68
795,20051116_43801_0400_PP.tif,1440,960,68
796,20051116_43954_0400_PP.tif,1440,960,68
797,20051116_43995_0400_PP.tif,1440,960,68
798,20051116_44026_0400_PP.tif,1440,960,68
799,20051116_44051_0400_PP.tif,1440,960,68
800,20051116_44070_0400_PP.tif,1440,960,68
801,20051116_44083_0400_PP.tif,1440,960,68
802,20051116_44126_0400_PP.tif,1440,960,68
803,20051116_44482_0400_PP.tif,2304,1536,109
804,20051116_44586_0400_PP.tif,2304,1536,109
805,20051116_44615_0400_PP.tif,2304,1536,109
806,20051116_44648_0400_PP.tif,2304,1536,109
807,20051116_44690_0400_PP.tif,2304,1536,109
808,20051116_44718_0400_PP.tif,2304,1536,109
809,20051116_44750_0400_PP.tif,2304,1536,109
810,20051116_44785_0400_PP.tif,2304,1536,109
811,20051116_44804_0400_PP.tif,2304,1536,109
812,20051116_44816_0400_PP.tif,2304,1536,109
813,20051116_54343_0400_PP.tif,1440,960,68
814,20051116_54429_0400_PP.tif,1440,960,68
815,20051116_54454_0400_PP.tif,1440,960,68
816,20051116_54484_0400_PP.tif,1440,960,68
817,20051116_54587_0400_PP.tif,1440,960,68
818,20051116_54642_0400_PP.tif,1440,960,68
819,20051116_54663_0400_PP.tif,1440,960,68
820,20051116_54692_0400_PP.tif,1440,960,68
821,20051116_54825_0400_PP.tif,1440,960,68
822,20051116_54832_0400_PP.tif,1440,960,68
823,20051116_54839_0400_PP.tif,1440,960,68
824,20051116_54865_0400_PP.tif,1440,960,68
825,20051116_55573_0400_PP.tif,2304,1536,109
826,20051116_55593_0400_PP.tif,2304,1536,109
827,20051116_55617_0400_PP.tif,2304,1536,109
828,20051116_55643_0400_PP.tif,2304,1536,109
829,20051116_55649_0400_PP.tif,2304,1536,109
830,20051116_55656_0400_PP.tif,2304,1536,109
831,20051116_58804_0400_PP.tif,1440,960,68
832,20051116_58828_0400_PP.tif,1440,960,68
833,20051116_58835_0400_PP.tif,1440,960,68
834,20051116_58850_0400_PP.tif,1440,960,68
835,20051116_58864_0400_PP.tif,1440,960,68
836,20051116_58872_0400_PP.tif,1440,960,68
837,20051116_59150_0400_PP.tif,2304,1536,109
838,20051117_37155_0400_PP.tif,1440,960,68
839,20051117_37185_0400_PP.tif,1440,960,68
840,20051117_37213_0400_PP.tif,1440,960,68
841,20051117_37232_0400_PP.tif,1440,960,68
842,20051117_37321_0400_PP.tif,1440,960,68
843,20051130_53586_0400_PP.tif,1440,960,68
844,20051117_37042_0400_PP.tif,1440,960,68
845,20051117_37051_0400_PP.tif,1440,960,68
846,20051117_37078_0400_PP.tif,1440,960,68
847,20051117_37100_0400_PP.tif,1440,960,68
848,20051117_37130_0400_PP.tif,1440,960,68
849,20051130_53623_0400_PP.tif,1440,960,68
850,20051130_53663_0400_PP.tif,1440,960,68
851,20051130_53991_0400_PP.tif,1440,960,68
852,20051130_54030_0400_PP.tif,1440,960,68
853,20051130_54077_0400_PP.tif,1440,960,68
854,20051130_54121_0400_PP.tif,1440,960,68
855,20051130_54257_0400_PP.tif,1440,960,68
856,20051130_54301_0400_PP.tif,1440,960,68
857,20051130_54323_0400_PP.tif,1440,960,68
858,20051130_54333_0400_PP.tif,1440,960,68
859,20051130_54364_0400_PP.tif,1440,960,68
860,20051130_54401_0400_PP.tif,1440,960,68
861,20051130_54476_0400_PP.tif,1440,960,68
862,20051130_54498_0400_PP.tif,1440,960,68
863,20051130_54595_0400_PP.tif,1440,960,68
864,20051130_54616_0400_PP.tif,1440,960,68
865,20051130_54802_0400_PP.tif,1440,960,68
866,20051130_54846_0400_PP.tif,1440,960,68
867,20051130_54943_0400_PP.tif,1440,960,68
868,20051130_54956_0400_PP.tif,1440,960,68
869,20051130_55004_0400_PP.tif,1440,960,68
870,20051130_55012_0400_PP.tif,1440,960,68
871,20051130_55037_0400_PP.tif,1440,960,68
872,20051130_55048_0400_PP.tif,1440,960,68
873,20051130_55074_0400_PP.tif,1440,960,68
874,20051130_55086_0400_PP.tif,1440,960,68
875,20051130_55107_0400_PP.tif,1440,960,68
876,20051130_55124_0400_PP.tif,1440,960,68
877,20051130_55160_0400_PP.tif,1440,960,68
878,20051130_55269_0400_PP.tif,1440,960,68
879,20051130_55311_0400_PP.tif,1440,960,68
880,20051130_55323_0400_PP.tif,1440,960,68
881,20051130_55381_0400_PP.tif,1440,960,68
882,20051130_55393_0400_PP.tif,1440,960,68
883,20051130_58716_0400_PP.tif,2304,1536,109
884,20051130_58824_0400_PP.tif,2304,1536,109
885,20051130_58874_0400_PP.tif,2304,1536,109
886,20051130_58888_0400_PP.tif,2304,1536,109
887,20051130_58921_0400_PP.tif,2304,1536,109
888,20051130_58962_0400_PP.tif,2304,1536,109
889,20051130_58998_0400_PP.tif,2304,1536,109
890,20051130_59029_0400_PP.tif,2304,1536,109
891,20051130_59092_0400_PP.tif,2304,1536,109
892,20051130_59186_0400_PP.tif,2304,1536,109
893,20051130_59284_0400_PP.tif,2304,1536,109
894,20051130_59374_0400_PP.tif,2304,1536,109
895,20051130_59404_0400_PP.tif,2304,1536,109
896,20051130_59432_0400_PP.tif,2304,1536,109
897,20051130_59457_0400_PP.tif,2304,1536,109
898,20051130_59464_0400_PP.tif,2304,1536,109
899,20051130_59749_0400_PP.tif,2304,1536,109
900,20051130_59775_0400_PP.tif,2304,1536,109
901,20051130_59793_0400_PP.tif,2304,1536,109
902,20051130_59802_0400_PP.tif,2304,1536,109
903,20051130_59825_0400_PP.tif,2304,1536,109
904,20051130_59850_0400_PP.tif,2304,1536,109
905,20051130_59869_0400_PP.tif,2304,1536,109
906,20051130_59916_0400_PP.tif,2304,1536,109
907,20051130_59930_0400_PP.tif,2304,1536,109
908,20051130_59964_0400_PP.tif,2304,1536,109
909,20051130_59993_0400_PP.tif,2304,1536,109
910,20051130_60040_0400_PP.tif,2304,1536,109
911,20051130_60066_0400_PP.tif,2304,1536,109
912,20051130_60140_0400_PP.tif,2304,1536,109
913,20051130_60186_0400_PP.tif,2304,1536,109
914,20051130_60234_0400_PP.tif,2304,1536,109
915,20051130_60448_0400_PP.tif,2304,1536,109
916,20051130_60490_0400_PP.tif,2304,1536,109
917,20051130_60532_0400_PP.tif,2304,1536,109
918,20051130_60562_0400_PP.tif,2304,1536,109
919,20051130_60585_0400_PP.tif,2304,1536,109
920,20051130_60601_0400_PP.tif,2304,1536,109
921,20051130_60630_0400_PP.tif,2304,1536,109
922,20051130_60658_0400_PP.tif,2304,1536,109
923,20051130_60691_0400_PP.tif,2304,1536,109
924,20051130_60715_0400_PP.tif,2304,1536,109
925,20051130_60740_0400_PP.tif,2304,1536,109
926,20051130_60760_0400_PP.tif,2304,1536,109
927,20051130_60794_0400_PP.tif,2304,1536,109
928,20051130_60822_0400_PP.tif,2304,1536,109
929,20051201_37312_0400_PP.tif,2304,1536,109
930,20051201_37337_0400_PP.tif,2304,1536,109
931,20051201_37362_0400_PP.tif,2304,1536,109
932,20051201_37382_0400_PP.tif,2304,1536,109
933,20051201_37390_0400_PP.tif,2304,1536,109
934,20051201_37409_0400_PP.tif,2304,1536,109
935,20051201_37462_0400_PP.tif,2304,1536,109
936,20051201_37534_0400_PP.tif,2304,1536,109
937,20051201_37557_0400_PP.tif,2304,1536,109
938,20051201_38041_0400_PP.tif,2304,1536,109
939,20051201_38081_0400_PP.tif,2304,1536,109
940,20051201_38103_0400_PP.tif,2304,1536,109
941,20051201_38137_0400_PP.tif,2304,1536,109
942,20051201_38155_0400_PP.tif,2304,1536,109
943,20051201_38164_0400_PP.tif,2304,1536,109
944,20051201_38182_0400_PP.tif,2304,1536,109
945,20051201_38199_0400_PP.tif,2304,1536,109
946,20051201_38211_0400_PP.tif,2304,1536,109
947,20051201_38246_0400_PP.tif,2304,1536,109
948,20051201_38262_0400_PP.tif,2304,1536,109
949,20051201_38280_0400_PP.tif,2304,1536,109
950,20051201_38291_0400_PP.tif,2304,1536,109
951,20051201_38321_0400_PP.tif,2304,1536,109
952,20051201_38349_0400_PP.tif,2304,1536,109
953,20051201_38411_0400_PP.tif,2304,1536,109
954,20051201_38466_0400_PP.tif,2304,1536,109
955,20051201_38475_0400_PP.tif,2304,1536,109
956,20051201_38506_0400_PP.tif,2304,1536,109
957,20051201_38537_0400_PP.tif,2304,1536,109
958,20051202_36970_0400_PP.tif,2304,1536,109
959,20051202_37003_0400_PP.tif,2304,1536,109
960,20051202_37011_0400_PP.tif,2304,1536,109
961,20051202_37162_0400_PP.tif,2304,1536,109
962,20051202_37199_0400_PP.tif,2304,1536,109
963,20051202_37227_0400_PP.tif,2304,1536,109
964,20051202_37349_0400_PP.tif,2304,1536,109
965,20051202_38513_0400_PP.tif,2304,1536,109
966,20051202_39630_0400_PP.tif,2304,1536,109
967,20051202_39708_0400_PP.tif,2304,1536,109
968,20051202_39797_0400_PP.tif,2304,1536,109
969,20051202_40508_0400_PP.tif,1440,960,68
970,20051202_41034_0400_PP.tif,1440,960,68
971,20051202_41076_0400_PP.tif,1440,960,68
972,20051202_41143_0400_PP.tif,1440,960,68
973,20051202_41238_0400_PP.tif,1440,960,68
974,20051202_41260_0400_PP.tif,1440,960,68
975,20051202_48232_0400_PP.tif,1440,960,68
976,20051202_48264_0400_PP.tif,1440,960,68
977,20051202_48287_0400_PP.tif,1440,960,68
978,20051202_48310_0400_PP.tif,1440,960,68
979,20051202_48329_0400_PP.tif,1440,960,68
980,20051202_48393_0400_PP.tif,1440,960,68
981,20051202_48421_0400_PP.tif,1440,960,68
982,20051202_48443_0400_PP.tif,1440,960,68
983,20051202_48575_0400_PP.tif,1440,960,68
984,20051202_48586_0400_PP.tif,1440,960,68
985,20051202_51488_0400_PP.tif,2304,1536,109
986,20051202_51518_0400_PP.tif,2304,1536,109
987,20051202_51574_0400_PP.tif,2304,1536,109
988,20051202_51599_0400_PP.tif,2304,1536,109
989,20051202_51616_0400_PP.tif,2304,1536,109
990,20051202_51655_0400_PP.tif,2304,1536,109
991,20051202_51677_0400_PP.tif,2304,1536,109
992,20051202_54197_0400_PP.tif,2304,1536,109
993,20051202_54208_0400_PP.tif,2304,1536,109
994,20051202_54477_0400_PP.tif,1440,960,68
995,20051202_54498_0400_PP.tif,1440,960,68
996,20051202_54530_0400_PP.tif,1440,960,68
997,20051202_54547_0400_PP.tif,1440,960,68
998,20051202_54555_0400_PP.tif,1440,960,68
999,20051202_54576_0400_PP.tif,1440,960,68
1000,20051202_54611_0400_PP.tif,1440,960,68
1001,20051202_54744_0400_PP.tif,1440,960,68
1002,20051202_54783_0400_PP.tif,1440,960,68
1003,20051202_55457_0400_PP.tif,1440,960,68
1004,20051202_55484_0400_PP.tif,1440,960,68
1005,20051202_55498_0400_PP.tif,1440,960,68
1006,20051202_55525_0400_PP.tif,1440,960,68
1007,20051202_55562_0400_PP.tif,1440,960,68
1008,20051202_55582_0400_PP.tif,1440,960,68
1009,20051202_55607_0400_PP.tif,1440,960,68
1010,20051202_55626_0400_PP.tif,1440,960,68
1011,20051202_55650_0400_PP.tif,1440,960,68
1012,20051202_55669_0400_PP.tif,1440,960,68
1013,20051202_55697_0400_PP.tif,1440,960,68
1014,20051202_55797_0400_PP.tif,1440,960,68
1015,20051202_55816_0400_PP.tif,1440,960,68
1016,20051202_55834_0400_PP.tif,1440,960,68
1017,20051202_55846_0400_PP.tif,1440,960,68
1018,20051202_55883_0400_PP.tif,1440,960,68
1019,20051202_55921_0400_PP.tif,1440,960,68
1020,20051202_55944_0400_PP.tif,1440,960,68
1021,20051202_55969_0400_PP.tif,1440,960,68
1022,20051202_55984_0400_PP.tif,1440,960,68
1023,20051202_56000_0400_PP.tif,1440,960,68
1024,20051202_56012_0400_PP.tif,1440,960,68
1025,20051202_56028_0400_PP.tif,1440,960,68
1026,20051202_56050_0400_PP.tif,1440,960,68
1027,20051205_31388_0400_PP.tif,2304,1536,109
1028,20051205_31396_0400_PP.tif,2304,1536,109
1029,20051205_31934_0400_PP.tif,2304,1536,109
1030,20051205_31994_0400_PP.tif,2304,1536,109
1031,20051205_32966_0400_PP.tif,1440,960,68
1032,20051205_32981_0400_PP.tif,1440,960,68
1033,20051205_33025_0400_PP.tif,1440,960,68
1034,20051205_35099_0400_PP.tif,1440,960,68
1035,20051205_35110_0400_PP.tif,1440,960,68
1036,20051205_35142_0400_PP.tif,1440,960,68
1037,20051205_35162_0400_PP.tif,1440,960,68
1038,20051205_35276_0400_PP.tif,1440,960,68
1039,20051205_35323_0400_PP.tif,1440,960,68
1040,20051205_35339_0400_PP.tif,1440,960,68
1041,20051205_35354_0400_PP.tif,1440,960,68
1042,20051205_35392_0400_PP.tif,1440,960,68
1043,20051205_35408_0400_PP.tif,1440,960,68
1044,20051205_35417_0400_PP.tif,1440,960,68
1045,20051205_35432_0400_PP.tif,1440,960,68
1046,20051205_57548_0400_PP.tif,2304,1536,109
1047,20051205_57651_0400_PP.tif,2304,1536,109
1048,20051205_57704_0400_PP.tif,2304,1536,109
1049,20051205_57723_0400_PP.tif,2304,1536,109
1050,20051205_57757_0400_PP.tif,2304,1536,109
1051,20051205_57780_0400_PP.tif,2304,1536,109
1052,20051205_57799_0400_PP.tif,2304,1536,109
1053,20051205_57809_0400_PP.tif,2304,1536,109
1054,20051205_57838_0400_PP.tif,2304,1536,109
1055,20051205_57879_0400_PP.tif,2304,1536,109
1056,20051205_57942_0400_PP.tif,2304,1536,109
1057,20051205_57988_0400_PP.tif,2304,1536,109
1058,20051205_58010_0400_PP.tif,2304,1536,109
1059,20051205_58037_0400_PP.tif,2304,1536,109
1060,20051205_58060_0400_PP.tif,2304,1536,109
1061,20051205_58080_0400_PP.tif,2304,1536,109
1062,20051205_58091_0400_PP.tif,2304,1536,109
1063,20051205_58109_0400_PP.tif,2304,1536,109
1064,20051205_58125_0400_PP.tif,2304,1536,109
1065,20051205_58150_0400_PP.tif,2304,1536,109
1066,20051205_58177_0400_PP.tif,2304,1536,109
1067,20051205_58354_0400_PP.tif,2304,1536,109
1068,20051205_58373_0400_PP.tif,2304,1536,109
1069,20051205_58409_0400_PP.tif,2304,1536,109
1070,20051205_58431_0400_PP.tif,2304,1536,109
1071,20051205_58458_0400_PP.tif,2304,1536,109
1072,20051205_58502_0400_PP.tif,2304,1536,109
1073,20051205_58577_0400_PP.tif,2304,1536,109
1074,20051205_58613_0400_PP.tif,2304,1536,109
1075,20051205_59240_0400_PP.tif,2304,1536,109
1076,20051205_59300_0400_PP.tif,2304,1536,109
1077,20051205_59337_0400_PP.tif,2304,1536,109
1078,20051205_59351_0400_PP.tif,2304,1536,109
1079,20051205_59367_0400_PP.tif,2304,1536,109
1080,20051205_59379_0400_PP.tif,2304,1536,109
1081,20051205_59510_0400_PP.tif,2304,1536,109
1082,20051205_59538_0400_PP.tif,2304,1536,109
1083,20051205_59617_0400_PP.tif,2304,1536,109
1084,20051205_59651_0400_PP.tif,2304,1536,109
1085,20051205_59702_0400_PP.tif,2304,1536,109
1086,20051205_59715_0400_PP.tif,2304,1536,109
1087,20051205_59738_0400_PP.tif,2304,1536,109
1088,20051205_59754_0400_PP.tif,2304,1536,109
1089,20051205_59833_0400_PP.tif,2304,1536,109
1090,20051205_59858_0400_PP.tif,2304,1536,109
1091,20051205_59879_0400_PP.tif,2304,1536,109
1092,20051205_59901_0400_PP.tif,2304,1536,109
1093,20051205_59923_0400_PP.tif,2304,1536,109
1094,20051205_60093_0400_PP.tif,2304,1536,109
1095,20051205_60119_0400_PP.tif,2304,1536,109
1096,20051207_54614_0400_PP.tif,1440,960,68
1097,20051207_55266_0400_PP.tif,1440,960,68
1098,20051207_56219_0400_PP.tif,1440,960,68
1099,20051207_56227_0400_PP.tif,1440,960,68
1100,20051207_62252_0400_PP.tif,2304,1536,109
1101,20051207_62266_0400_PP.tif,2304,1536,109
1102,20051207_62275_0400_PP.tif,2304,1536,109
1103,20051207_62320_0400_PP.tif,2304,1536,109
1104,20051208_39243_0400_PP.tif,2304,1536,109
1105,20051208_39254_0400_PP.tif,2304,1536,109
1106,20051208_39297_0400_PP.tif,2304,1536,109
1107,20051208_39404_0400_PP.tif,2304,1536,109
1108,20051208_39438_0400_PP.tif,2304,1536,109
1109,20051208_39462_0400_PP.tif,2304,1536,109
1110,20051208_39484_0400_PP.tif,2304,1536,109
1111,20051208_39498_0400_PP.tif,2304,1536,109
1112,20051208_39524_0400_PP.tif,2304,1536,109
1113,20051208_39532_0400_PP.tif,2304,1536,109
1114,20051208_39546_0400_PP.tif,2304,1536,109
1115,20051208_40972_0400_PP.tif,2304,1536,109
1116,20051208_41318_0400_PP.tif,2304,1536,109
1117,20051208_41373_0400_PP.tif,2304,1536,109
1118,20051208_41570_0400_PP.tif,2304,1536,109
1119,20051208_41707_0400_PP.tif,2304,1536,109
1120,20051208_42546_0400_PP.tif,2304,1536,109
1121,20051208_42552_0400_PP.tif,2304,1536,109
1122,20051209_38404_0400_PP.tif,2304,1536,109
1123,20051212_36525_0400_PP.tif,2304,1536,109
1124,20051212_36548_0400_PP.tif,2304,1536,109
1125,20051212_36605_0400_PP.tif,2304,1536,109
1126,20051212_36640_0400_PP.tif,2304,1536,109
1127,20051212_37442_0400_PP.tif,2304,1536,109
1128,20051212_38043_0400_PP.tif,2304,1536,109
1129,20051212_38076_0400_PP.tif,2304,1536,109
1130,20051212_38106_0400_PP.tif,2304,1536,109
1131,20051212_38130_0400_PP.tif,2304,1536,109
1132,20051212_38161_0400_PP.tif,2304,1536,109
1133,20051212_41009_0400_PP.tif,2304,1536,109
1134,20051212_41144_0400_PP.tif,2304,1536,109
1135,20051212_41432_0400_PP.tif,2304,1536,109
