,name,W,H,dist,R,R_rate
0,20051020_43808_0100_PP.tif,2240,1488,12.805298096052566,103,0.12432328248594723
1,20051020_43882_0100_PP.tif,2240,1488,14.346232751217535,103,0.13928381311861684
2,20051020_44261_0100_PP.tif,2240,1488,20.86597275416456,103,0.2025822597491705
3,20051020_44338_0100_PP.tif,2240,1488,15.669567965775013,103,0.15213172782305837
4,20051020_44400_0100_PP.tif,2240,1488,7.923385494607346,103,0.07692607276317812
5,20051020_44598_0100_PP.tif,2240,1488,7.862938534543433,103,0.07633920907323721
6,20051020_44692_0100_PP.tif,2240,1488,9.306117461284709,103,0.09035065496392922
7,20051020_44762_0100_PP.tif,2240,1488,6.475615083074999,103,0.06287004935024271
8,20051020_44843_0100_PP.tif,2240,1488,8.318214023619214,103,0.08075935945261373
9,20051020_44923_0100_PP.tif,2240,1488,4.091904876008126,103,0.03972723180590414
10,20051020_45004_0100_PP.tif,2240,1488,11.340173242334869,103,0.11009876934305697
11,20051020_52801_0100_PP.tif,2240,1488,18.006310459365945,103,0.17481854814918393
12,20051020_53997_0100_PP.tif,2240,1488,23.18341784076061,103,0.22508172660932632
13,20051020_56592_0100_PP.tif,2240,1488,3.596443084919182,103,0.03491692315455517
14,20051020_57157_0100_PP.tif,2240,1488,6.503893596777275,103,0.06314459802696384
15,20051020_57622_0100_PP.tif,2240,1488,19.203583453551364,103,0.18644255780146954
16,20051020_57844_0100_PP.tif,2240,1488,21.035548417329455,103,0.2042286254109656
17,20051020_58214_0100_PP.tif,2240,1488,7.311476642085071,103,0.07098521011733079
18,20051020_61557_0100_PP.tif,2240,1488,2.296004070893291,103,0.022291301659158165
19,20051020_61804_0100_PP.tif,2240,1488,7.944558350138576,103,0.07713163446736482
20,20051020_61998_0100_PP.tif,2240,1488,10.955102687677272,103,0.10636022026871138
21,20051020_62337_0100_PP.tif,2240,1488,3.17265483904602,103,0.03080247416549534
22,20051020_62461_0100_PP.tif,2240,1488,38.213573963100835,103,0.37100557245728966
23,20051020_62577_0100_PP.tif,2240,1488,5.933718346538455,103,0.05760891598581024
24,20051020_62709_0100_PP.tif,2240,1488,18.355318479354136,103,0.17820697552771006
25,20051020_62878_0100_PP.tif,2240,1488,34.50397754584834,103,0.33499007326066355
26,20051020_63269_0100_PP.tif,2240,1488,9.743025014321605,103,0.09459247586720004
27,20051020_63711_0100_PP.tif,2240,1488,11.459737290520385,103,0.11125958534485811
28,20051020_63936_0100_PP.tif,2240,1488,9.335784341876177,103,0.09063868293083667
29,20051020_64249_0100_PP.tif,2240,1488,14.50890571940814,103,0.14086316232435087
30,20051020_64518_0100_PP.tif,2240,1488,20.145474150110957,103,0.19558712767098016
31,20051020_64653_0100_PP.tif,2240,1488,10.308453565227211,103,0.10008207344880787
32,20051020_64775_0100_PP.tif,2240,1488,15.98482064085471,103,0.1551924334063564
33,20051020_64945_0100_PP.tif,2240,1488,10.043759829664292,103,0.097512231355964
34,20051020_65230_0100_PP.tif,2240,1488,11.432043904901773,103,0.11099071752331818
35,20051021_36208_0100_PP.tif,2240,1488,13.487752566667838,103,0.1309490540453188
36,20051021_36476_0100_PP.tif,2240,1488,19.33145071816415,103,0.18768398755499174
37,20051021_39661_0100_PP.tif,2240,1488,3.409467868952198,103,0.033101629795652406
38,20051021_39845_0100_PP.tif,2240,1488,10.928713013122081,103,0.10610400983613671
39,20051021_40018_0100_PP.tif,2240,1488,28.63319133469439,103,0.2779921488805281
40,20051021_40180_0100_PP.tif,2240,1488,3.53880645637616,103,0.03435734423666175
41,20051021_40377_0100_PP.tif,2240,1488,8.811203178410635,103,0.08554566192631684
42,20051021_51418_0100_PP.tif,2240,1488,6.106965002615051,103,0.059290922355485935
43,20051021_51561_0100_PP.tif,2240,1488,14.138271636140274,103,0.13726477316641042
44,20051021_51748_0100_PP.tif,2240,1488,13.56887719805914,103,0.1317366718258169
45,20051021_51936_0100_PP.tif,2240,1488,8.200556492997428,103,0.07961705333007212
46,20051021_52075_0100_PP.tif,2240,1488,13.809077366464757,103,0.13406871229577436
47,20051021_57798_0100_PP.tif,2240,1488,30.310406595743114,103,0.2942757921916807
48,20051021_57975_0100_PP.tif,2240,1488,20.78597171695385,103,0.20180555065003736
49,20051021_58178_0100_PP.tif,2240,1488,5.3906783878481415,103,0.052336683377166425
50,20051021_58388_0100_PP.tif,2240,1488,1.2340797401254084,103,0.011981356700246684
51,20051021_58802_0100_PP.tif,2240,1488,3.2849052666030643,103,0.031892284141777326
52,20051021_59459_0100_PP.tif,2240,1488,25.179819874448892,103,0.2444642706257174
53,20051021_59589_0100_PP.tif,2240,1488,12.693257068224215,103,0.12323550551673995
54,20051213_61802_0100_PP.tif,2240,1488,9.417908503071157,103,0.09143600488418599
55,20051213_61951_0100_PP.tif,2240,1488,9.115697222727496,103,0.0885019147837621
56,20051213_62188_0100_PP.tif,2240,1488,1.4782600522342142,103,0.014352039342079749
57,20051213_62314_0100_PP.tif,2240,1488,11.240541648568653,103,0.10913147231620052
58,20051213_62437_0100_PP.tif,2240,1488,20.242186284257073,103,0.1965260804296803
59,20051213_62572_0100_PP.tif,2240,1488,5.924592314328645,103,0.05752031373134607
60,20051213_62705_0100_PP.tif,2240,1488,12.449581268495235,103,0.1208697210533518
61,20051214_40456_0100_PP.tif,2240,1488,5.400572674382632,103,0.052432744411481866
62,20051214_40596_0100_PP.tif,2240,1488,9.822947751447769,103,0.09536842477133756
63,20051214_40767_0100_PP.tif,2240,1488,15.02068707357285,103,0.14583191333565873
64,20051214_40912_0100_PP.tif,2240,1488,51.36973745886953,103,0.49873531513465563
65,20051214_41055_0100_PP.tif,2240,1488,12.699182539795055,103,0.12329303436694228
66,20051214_41358_0100_PP.tif,2240,1488,8.2288064944076,103,0.0798913251884233
67,20051214_41490_0100_PP.tif,2240,1488,19.755015473829168,103,0.1917962667362055
68,20051214_42133_0100_PP.tif,2240,1488,16.62545328535411,103,0.16141216781897194
69,20051214_42323_0100_PP.tif,2240,1488,17.87814579223913,103,0.17357423099261293
70,20051214_50812_0100_PP.tif,2240,1488,20.558356032497898,103,0.1995956896359019
71,20051214_50933_0100_PP.tif,2240,1488,12.00354355654746,103,0.11653925783055785
72,20051214_51071_0100_PP.tif,2240,1488,9.152127849248503,103,0.08885561018687867
73,20051214_51211_0100_PP.tif,2240,1488,18.731409898151586,103,0.18185834852574356
74,20051214_51342_0100_PP.tif,2240,1488,15.45155155246622,103,0.1500150636161769
75,20051214_51469_0100_PP.tif,2240,1488,12.584406295093894,103,0.12217870189411548
76,20051214_51609_0100_PP.tif,2240,1488,38.57434838061467,103,0.37450823670499683
77,20051214_51733_0100_PP.tif,2240,1488,18.04266251151283,103,0.17517148069429933
78,20051214_51840_0100_PP.tif,2240,1488,17.86120659988994,103,0.17340977281446543
79,20051214_52204_0100_PP.tif,2240,1488,30.77105882573677,103,0.2987481439391919
80,20051214_52349_0100_PP.tif,2240,1488,11.074605692356917,103,0.1075204436151157
81,20051214_52611_0100_PP.tif,2240,1488,17.678985666115036,103,0.17164063753509742
82,20051214_52707_0100_PP.tif,2240,1488,13.917558699662868,103,0.13512192912294047
83,20051214_56169_0100_PP.tif,2240,1488,29.013908721893273,103,0.28168843419313855
84,20051214_56269_0100_PP.tif,2240,1488,4.550215948157315,103,0.044176853865605
85,20051214_56438_0100_PP.tif,2240,1488,12.35496782020777,103,0.11995114388551234
86,20051214_56565_0100_PP.tif,2240,1488,19.920826305704196,103,0.19340608063790482
87,20051214_56688_0100_PP.tif,2240,1488,7.77132983030305,103,0.07544980417769952
88,20051214_56971_0100_PP.tif,2240,1488,3.840154658680743,103,0.03728305493864799
89,20051214_57154_0100_PP.tif,2240,1488,2.6901999928527496,103,0.026118446532550965
90,20051214_57260_0100_PP.tif,2240,1488,29.65764348000089,103,0.28793828621360085
91,20051214_57404_0100_PP.tif,2240,1488,13.676214036423683,103,0.13277877705265712
92,20051214_57817_0100_PP.tif,2240,1488,17.338337194489842,103,0.16833337082028973
93,20060522_43643_0100_PP.tif,2240,1488,1.7094030542008207,103,0.01659614615728952
94,20060522_45069_0100_PP.tif,2240,1488,15.568491729902503,103,0.1511504051446845
95,20060522_45212_0100_PP.tif,2240,1488,13.644970734530432,103,0.1324754440245673
96,20060522_45402_0100_PP.tif,2240,1488,4.559494605496052,103,0.0442669379174374
97,20060522_45541_0100_PP.tif,2240,1488,8.353928555257038,103,0.08110610247822367
98,20060522_45691_0100_PP.tif,2240,1488,22.29330486747603,103,0.21643985308229158
99,20060522_45777_0100_PP.tif,2240,1488,5.917258475796467,103,0.057449111415499673
100,20060522_45853_0100_PP.tif,2240,1488,17.744393665783523,103,0.17227566665809246
101,20060522_45935_0100_PP.tif,2240,1488,12.441031904179948,103,0.12078671751631018
102,20060522_46104_0100_PP.tif,2240,1488,8.728258724542243,103,0.08474037596642955
103,20060522_46266_0100_PP.tif,2240,1488,22.934286010804882,103,0.22266297097868817
104,20060522_46400_0100_PP.tif,2240,1488,17.214680497202814,103,0.16713282036119237
105,20060523_42953_0100_PP.tif,2240,1488,12.901507758147044,103,0.12525735687521403
106,20060523_43038_0100_PP.tif,2240,1488,5.132339252957859,103,0.04982853643648407
107,20060523_43123_0100_PP.tif,2240,1488,4.46909101713804,103,0.043389233176097476
108,20060523_43196_0100_PP.tif,2240,1488,13.8050036300179,103,0.13402916145648447
109,20060523_43267_0100_PP.tif,2240,1488,3.518084009434413,103,0.03415615543140207
110,20060523_43354_0100_PP.tif,2240,1488,8.506458364160263,103,0.08258697440932294
111,20060523_45300_0100_PP.tif,2240,1488,8.826477198893057,103,0.08569395338731124
112,20060523_45369_0100_PP.tif,2240,1488,4.710803291634343,103,0.045735954287712065
113,20060523_45449_0100_PP.tif,2240,1488,19.7793057531318,103,0.1920320946906
114,20060523_45524_0100_PP.tif,2240,1488,91.45284694923225,103,0.8878917179537112
115,20060523_45662_0100_PP.tif,2240,1488,20.780730296044016,103,0.20175466306838852
116,20060523_45787_0100_PP.tif,2240,1488,10.247375234804483,103,0.09948907994955809
117,20060523_47987_0100_PP.tif,2240,1488,13.821675227682821,103,0.13419102162798854
118,20060523_48028_0100_PP.tif,2240,1488,17.610228593496203,103,0.17097309314073983
119,20060523_48136_0100_PP.tif,2240,1488,25.376695571800514,103,0.24637568516311179
120,20060523_48182_0100_PP.tif,2240,1488,4.9905727346820665,103,0.048452162472641426
121,20060523_48357_0100_PP.tif,2240,1488,21.15558063226956,103,0.2053939867210637
122,20060523_48425_0100_PP.tif,2240,1488,3.7289573449776365,103,0.036203469368714915
123,20060523_48499_0100_PP.tif,2240,1488,3.903859503806098,103,0.03790154858064173
124,20060523_48591_0100_PP.tif,2240,1488,8.33881640053046,103,0.08095938252942195
125,20060523_48659_0100_PP.tif,2240,1488,16.216209125285644,103,0.15743892354646258
126,20060523_48728_0100_PP.tif,2240,1488,6.243881781298268,103,0.06062021146891522
127,20060523_48816_0100_PP.tif,2240,1488,20.028289115102588,103,0.19444940888449114
128,20060523_48931_0100_PP.tif,2240,1488,9.32221594252739,103,0.09050695089832417
129,20060523_49010_0100_PP.tif,2240,1488,8.814238400067389,103,0.08557513009774163
130,20060523_49120_0100_PP.tif,2240,1488,11.816454616603894,103,0.11472286035537761
131,20060523_49191_0100_PP.tif,2240,1488,11.38633897158271,103,0.11054698030662825
132,20060523_49288_0100_PP.tif,2240,1488,14.366851768713405,103,0.13948399775449907
133,20060523_49515_0100_PP.tif,2240,1488,4.037145678390189,103,0.03919558911058436
134,20060523_49591_0100_PP.tif,2240,1488,2.813995119017382,103,0.027320340961333806
135,20060523_49681_0100_PP.tif,2240,1488,7.550425996138942,103,0.0733051067586305
136,20060523_49745_0100_PP.tif,2240,1488,1.9691973840014867,103,0.01911842120389793
137,20060523_49859_0100_PP.tif,2240,1488,5.773776947132914,103,0.0560560868653681
138,20060523_49928_0100_PP.tif,2240,1488,19.019173328618166,103,0.18465216823901132
139,20060523_50003_0100_PP.tif,2240,1488,8.604389479036433,103,0.08353776193239255
140,20060523_50135_0100_PP.tif,2240,1488,5.54248220432901,103,0.053810506838145734
141,20060523_50234_0100_PP.tif,2240,1488,7.969490419705726,103,0.07737369339520123
142,20060523_50325_0100_PP.tif,2240,1488,10.126881338872323,103,0.09831923629973129
143,20060523_50392_0100_PP.tif,2240,1488,6.235857463795108,103,0.060542305473738914
144,20060523_50489_0100_PP.tif,2240,1488,31.222886282393848,103,0.3031348182756684
145,20060523_50556_0100_PP.tif,2240,1488,10.678757301842332,103,0.10367725535769254
146,20060523_50631_0100_PP.tif,2240,1488,15.09202371414688,103,0.14652450207909593
147,20060523_50730_0100_PP.tif,2240,1488,5.218072792629394,103,0.05066090089931451
148,20060523_50806_0100_PP.tif,2240,1488,12.311408141543517,103,0.11952823438391763
149,20060529_56039_0100_PP.tif,2240,1488,3.524937827604327,103,0.03422269735538181
150,20060529_56338_0100_PP.tif,2240,1488,9.880153017176687,103,0.09592381570074453
151,20060529_56442_0100_PP.tif,2240,1488,3.9990604300926567,103,0.038825829418375306
152,20060529_56592_0100_PP.tif,2240,1488,9.808680540605707,103,0.09522990816122046
153,20060529_56730_0100_PP.tif,2240,1488,5.084153684228601,103,0.0493607153808602
154,20060529_56853_0100_PP.tif,2240,1488,4.979387558240192,103,0.048343568526603806
155,20060529_56968_0100_PP.tif,2240,1488,7.876040242898895,103,0.07646641012523199
156,20060529_57063_0100_PP.tif,2240,1488,6.652297775100199,103,0.06458541529223494
157,20060529_57174_0100_PP.tif,2240,1488,10.73358141349024,103,0.10420952828631301
158,20060529_57287_0100_PP.tif,2240,1488,9.035501403350356,103,0.08772331459563452
159,20060529_57447_0100_PP.tif,2240,1488,5.224950496140747,103,0.05072767471981308
160,20060530_36860_0100_PP.tif,2240,1488,20.011230934553463,103,0.19428379548110158
161,20060530_51254_0100_PP.tif,2240,1488,13.3227577433407,103,0.12934716255670584
162,20060530_51377_0100_PP.tif,2240,1488,2.8109833835766542,103,0.027291100811423826
163,20060530_52988_0100_PP.tif,2240,1488,6.059080143303192,103,0.05882602080876886
164,20060530_53062_0100_PP.tif,2240,1488,6.663665553869741,103,0.06469578207640525
165,20060530_53152_0100_PP.tif,2240,1488,3.34115111746952,103,0.03243836036378175
166,20060530_53271_0100_PP.tif,2240,1488,6.323710193994538,103,0.06139524460188872
167,20060530_53455_0100_PP.tif,2240,1488,6.5351956214565785,103,0.06344850117919008
168,20060530_53540_0100_PP.tif,2240,1488,23.781812896592214,103,0.23089138734555548
169,20060530_53617_0100_PP.tif,2240,1488,4.309861676897881,103,0.04184331725143573
170,20060530_53761_0100_PP.tif,2240,1488,12.179735999614689,103,0.11824986407392901
171,20060530_53836_0100_PP.tif,2240,1488,10.406410986088298,103,0.1010331163697893
172,20060530_53954_0100_PP.tif,2240,1488,18.14688601741818,103,0.1761833593924095
173,20060530_54030_0100_PP.tif,2240,1488,5.081506355536695,103,0.04933501316055044
174,20060530_54117_0100_PP.tif,2240,1488,3.684649187931149,103,0.035773293086710185
175,20060530_54242_0100_PP.tif,2240,1488,110.24187988318828,103,1.0703095134290124
176,20060530_54332_0100_PP.tif,2240,1488,4.603294708959902,103,0.0446921816403874
177,20060530_54529_0100_PP.tif,2240,1488,4.54662350501737,103,0.04414197577686767
178,20060530_54632_0100_PP.tif,2240,1488,12.951043077279438,103,0.12573828230368386
179,20060530_54718_0100_PP.tif,2240,1488,12.531489443154006,103,0.1216649460500389
180,20060530_55203_0100_PP.tif,2240,1488,24.27618411050727,103,0.23569110786900263
181,20060530_55370_0100_PP.tif,2240,1488,8.290831686473421,103,0.08049351151915943
182,20060530_55451_0100_PP.tif,2240,1488,3.0392740702624974,103,0.029507515245266965
183,20060530_55628_0100_PP.tif,2240,1488,14.464512523425892,103,0.1404321604216106
184,20060530_55746_0100_PP.tif,2240,1488,14.0060456022886,103,0.13598102526493785
185,20060530_55837_0100_PP.tif,2240,1488,0.6599622382534205,103,0.006407400371392432
186,20051216_43913_0200_PP.tif,1440,960,4.622089212683023,68,0.06797190018651504
187,20051216_44092_0200_PP.tif,1440,960,71.82047526163925,68,1.0561834597299888
188,20051216_44252_0200_PP.tif,1440,960,8.584971785885742,68,0.12624958508655504
189,20051216_44420_0200_PP.tif,1440,960,2.5559040623195917,68,0.03758682444587635
190,20051216_44660_0200_PP.tif,1440,960,6.864673378411021,68,0.10095107909427972
191,20051216_44832_0200_PP.tif,1440,960,2.411842768709483,68,0.03546827601043358
192,20051216_44961_0200_PP.tif,1440,960,2.207675252820031,68,0.032465812541471045
193,20051216_45100_0200_PP.tif,1440,960,8.660924405639156,68,0.1273665353770464
194,20051216_45375_0200_PP.tif,1440,960,12.587349594261886,68,0.18510808226855713
195,20051216_45499_0200_PP.tif,1440,960,1.9188985999562798,68,0.028219097058180584
196,20051216_45619_0200_PP.tif,1440,960,3.367241865779232,68,0.04951826273204753
197,20051216_45781_0200_PP.tif,1440,960,2.578937867626581,68,0.037925556876861485
198,20051216_45899_0200_PP.tif,1440,960,4.470773538883028,68,0.0657466696894563
199,20051216_46018_0200_PP.tif,1440,960,3.5453818026282136,68,0.052137967685709025
200,20051216_46183_0200_PP.tif,1440,960,6.525991758369917,68,0.09597046703485172
201,20051216_46660_0200_PP.tif,1440,960,7.379823776391675,68,0.10852682024105405
202,20051216_46847_0200_PP.tif,1440,960,10.870886053353773,68,0.1598659713728496
203,20051216_47420_0200_PP.tif,1440,960,5.179471995079422,68,0.0761687058099915
204,20051216_47536_0200_PP.tif,1440,960,5.903877830294046,68,0.08682173279844185
205,20051216_47703_0200_PP.tif,1440,960,2.8771221066479225,68,0.04231061921541063
206,20060407_38711_0200_PP.tif,1440,960,5.891771542932675,68,0.08664369916077463
207,20060407_39155_0200_PP.tif,1440,960,1.7957706579698796,68,0.026408392028968816
208,20060407_39306_0200_PP.tif,1440,960,5.969626015493215,68,0.08778861787490022
209,20060407_39402_0200_PP.tif,1440,960,6.964447073059478,68,0.10241833930969821
210,20060407_39546_0200_PP.tif,1440,960,2.471688521134387,68,0.03634836060491746
211,20060407_39667_0200_PP.tif,1440,960,7.00016194305494,68,0.10294355798610207
212,20060407_39761_0200_PP.tif,1440,960,6.001977525718433,68,0.08826437537821226
213,20060407_40582_0200_PP.tif,1440,960,5.314073099519868,68,0.07814813381646865
214,20060407_40740_0200_PP.tif,1440,960,6.191137661339019,68,0.091046142078515
215,20060407_40937_0200_PP.tif,1440,960,5.370737471584466,68,0.0789814334056539
216,20060407_41149_0200_PP.tif,1440,960,2.2473216533820715,68,0.03304884784385399
217,20060407_41312_0200_PP.tif,1440,960,6.464371162391399,68,0.09506428179987352
218,20060407_41809_0200_PP.tif,1440,960,5.667813202307424,68,0.08335019415157977
219,20060407_41937_0200_PP.tif,1440,960,4.913955272303851,68,0.07226404812211545
220,20060407_42099_0200_PP.tif,1440,960,7.625634333821993,68,0.1121416813797352
221,20060407_42290_0200_PP.tif,1440,960,2.85770562359595,68,0.042025082699940444
222,20060407_43223_0200_PP.tif,1440,960,4.125400382448678,68,0.06066765268306879
223,20060407_43436_0200_PP.tif,1440,960,26.85810698878141,68,0.39497216159972665
224,20060407_43594_0200_PP.tif,1440,960,1.160368328078012,68,0.01706424011879429
225,20060407_43726_0200_PP.tif,1440,960,4.505332916896388,68,0.0662548958367116
226,20060407_43856_0200_PP.tif,1440,960,11.522192086269794,68,0.16944400126867343
227,20060407_44061_0200_PP.tif,1440,960,5.986808270905992,68,0.0880412981015587
228,20060407_44192_0200_PP.tif,1440,960,9.455331789037391,68,0.1390489968976087
229,20060407_44304_0200_PP.tif,1440,960,6.2835046899607265,68,0.09240448073471656
230,20060407_44422_0200_PP.tif,1440,960,7.221474252554873,68,0.10619815077286578
231,20060407_44529_0200_PP.tif,1440,960,6.318032445128412,68,0.0929122418401237
232,20060407_44636_0200_PP.tif,1440,960,6.9247172775685275,68,0.10183407761130188
233,20060407_44766_0200_PP.tif,1440,960,7.7306171460490924,68,0.11368554626542783
234,20060407_44889_0200_PP.tif,1440,960,7.571071553434537,68,0.1113392875505079
235,20060407_45107_0200_PP.tif,1440,960,8.691768692794057,68,0.12782012783520671
236,20060407_45247_0200_PP.tif,1440,960,2.248626524778973,68,0.03306803712910254
237,20060407_45379_0200_PP.tif,1440,960,12.684339687498746,68,0.1865344071690992
238,20060407_45494_0200_PP.tif,1440,960,5.756574281124321,68,0.08465550413418119
239,20060407_45611_0200_PP.tif,1440,960,5.123274763403562,68,0.07534227593240532
240,20060407_45737_0200_PP.tif,1440,960,3.7674184976474456,68,0.05540321320069773
241,20060407_45852_0200_PP.tif,1440,960,6.29480853601421,68,0.09257071376491485
242,20060407_45949_0200_PP.tif,1440,960,7.449462828557656,68,0.1095509239493773
243,20060407_46070_0200_PP.tif,1440,960,4.926152582169319,68,0.0724434203260194
244,20060407_46257_0200_PP.tif,1440,960,4.739482155524898,68,0.0696982669930132
245,20060407_46422_0200_PP.tif,1440,960,5.055017955905878,68,0.07433849935155704
246,20060410_39075_0200_PP.tif,1440,960,9.499542182311977,68,0.139699149739882
247,20060410_39229_0200_PP.tif,1440,960,6.898134400935435,68,0.10144315295493286
248,20060410_39355_0200_PP.tif,1440,960,8.367045035493526,68,0.12304477993372831
249,20060410_39500_0200_PP.tif,1440,960,1.7694611051550104,68,0.02602148684051486
250,20060410_39606_0200_PP.tif,1440,960,2.986418708667081,68,0.0439179221862806
251,20060410_39726_0200_PP.tif,1440,960,7.9247656139555716,68,0.1165406707934643
252,20060410_39879_0200_PP.tif,1440,960,3.3777972063963415,68,0.049673488329357966
253,20060410_39994_0200_PP.tif,1440,960,19.83029453829736,68,0.29162197850437294
254,20060410_40165_0200_PP.tif,1440,960,12.169189281240413,68,0.1789586659005943
255,20060410_40274_0200_PP.tif,1440,960,8.60192134420021,68,0.12649884329706193
256,20060410_40403_0200_PP.tif,1440,960,4.629223803006472,68,0.06807682063244812
257,20060410_40499_0200_PP.tif,1440,960,1.1685244730434594,68,0.017184183427109697
258,20060410_40633_0200_PP.tif,1440,960,1.2820360227059693,68,0.018853470922146606
259,20060410_40846_0200_PP.tif,1440,960,7.089515273641505,68,0.10425757755355154
260,20060410_40979_0200_PP.tif,1440,960,9.679304389611852,68,0.142342711611939
261,20060410_41098_0200_PP.tif,1440,960,5.726821170433419,68,0.08421795838872674
262,20060410_41209_0200_PP.tif,1440,960,6.650775399639128,68,0.09780552058292835
263,20060410_41356_0200_PP.tif,1440,960,13.155444826938284,68,0.193462423925563
264,20060410_41626_0200_PP.tif,1440,960,4.157620031397568,68,0.06114147104996423
265,20060410_41767_0200_PP.tif,1440,960,1.4752416530066166,68,0.021694730191273773
266,20060410_41901_0200_PP.tif,1440,960,6.129154580020157,68,0.09013462617676701
267,20060410_43698_0200_PP.tif,1440,960,3.942754976611549,68,0.057981690832522775
268,20060410_43868_0200_PP.tif,1440,960,2.3596366088159795,68,0.03470053836494087
269,20060410_43979_0200_PP.tif,1440,960,10.844266987215041,68,0.15947451451786826
270,20060410_44124_0200_PP.tif,1440,960,4.922643358759623,68,0.07239181409940622
271,20060410_44248_0200_PP.tif,1440,960,8.986933501532913,68,0.13216078678724874
272,20060410_44364_0200_PP.tif,1440,960,3.4841589732865623,68,0.05123763196009651
273,20060410_44504_0200_PP.tif,1440,960,6.080402428866243,68,0.08941768277744476
274,20060410_44623_0200_PP.tif,1440,960,1.907097542487657,68,0.028045552095406722
275,20060410_44953_0200_PP.tif,1440,960,4.764432017015866,68,0.07006517672082156
276,20060410_45188_0200_PP.tif,1440,960,8.880225462443514,68,0.13059155091828697
277,20060410_46893_0200_PP.tif,1440,960,3.4420626738375497,68,0.05061856873290514
278,20060410_47042_0200_PP.tif,1440,960,17.315923699034485,68,0.2546459367505071
279,20060410_47186_0200_PP.tif,1440,960,10.856059401126215,68,0.15964793236950317
280,20060410_47351_0200_PP.tif,1440,960,8.644272509426504,68,0.12712165455038976
281,20060411_51985_0200_PP.tif,1440,960,3.6579011397257837,68,0.05379266381949682
282,20060411_57879_0200_PP.tif,1440,960,38.69918177845059,68,0.5691056143889792
283,20060411_57986_0200_PP.tif,1440,960,5.227513870812048,68,0.07687520398253012
284,20060411_58071_0200_PP.tif,1440,960,4.363499358358023,68,0.06416910821114741
285,20060411_58155_0200_PP.tif,1440,960,5.577995454946156,68,0.08202934492567876
286,20060411_58238_0200_PP.tif,1440,960,5.037693817150057,68,0.07408373260514789
287,20060411_58328_0200_PP.tif,1440,960,7.0273933804529065,68,0.10334402030077804
288,20060411_58413_0200_PP.tif,1440,960,16.42485074130269,68,0.24154192266621605
289,20060411_58494_0200_PP.tif,1440,960,4.377407577211831,68,0.06437364084135046
290,20060411_58644_0200_PP.tif,1440,960,3.85930172424499,68,0.056754437121249855
291,20060411_58736_0200_PP.tif,1440,960,8.569556188645485,68,0.1260228851271395
292,20060411_58829_0200_PP.tif,1440,960,3.120263046735167,68,0.04588622127551716
293,20060411_58913_0200_PP.tif,1440,960,4.952967743911376,68,0.07283776093987318
294,20060411_58993_0200_PP.tif,1440,960,1.3612450605540007,68,0.020018309714029424
295,20060411_59176_0200_PP.tif,1440,960,8.769209604718977,68,0.12895896477527907
296,20060411_59549_0200_PP.tif,1440,960,8.34709707657114,68,0.12275142759663442
297,20060411_59638_0200_PP.tif,1440,960,1.683308669230889,68,0.024754539253395425
298,20060411_59728_0200_PP.tif,1440,960,0.6887776385108301,68,0.010129082919276913
299,20060411_59859_0200_PP.tif,1440,960,7.692165734747183,68,0.1131200843345174
300,20060411_59941_0200_PP.tif,1440,960,4.459947784942573,68,0.06558746742562607
301,20060411_60028_0200_PP.tif,1440,960,10.494499935740674,68,0.1543308814079511
302,20060411_60283_0200_PP.tif,1440,960,4.188642183301874,68,0.061597679166204025
303,20060411_60368_0200_PP.tif,1440,960,3.936367987326629,68,0.05788776451950925
304,20060411_60446_0200_PP.tif,1440,960,7.298055190374874,68,0.10732434103492461
305,20060411_60533_0200_PP.tif,1440,960,5.295487629466857,68,0.07787481808039495
306,20060411_61060_0200_PP.tif,1440,960,6.894608091042137,68,0.10139129545650202
307,20060411_61214_0200_PP.tif,1440,960,7.273790123374866,68,0.10696750181433626
308,20060411_61419_0200_PP.tif,1440,960,3.130767803640512,68,0.04604070299471341
309,20060411_61494_0200_PP.tif,1440,960,2.656033433541082,68,0.03905931519913356
310,20060411_61564_0200_PP.tif,1440,960,9.226028291774604,68,0.13567688664374417
311,20060411_61641_0200_PP.tif,1440,960,16.800986802151332,68,0.24707333532575487
312,20060411_61702_0200_PP.tif,1440,960,15.757208254543169,68,0.23172365080210544
313,20060411_61808_0200_PP.tif,1440,960,2.6476964944363806,68,0.03893671315347619
314,20060411_61901_0200_PP.tif,1440,960,10.827685568140176,68,0.15923067011970846
315,20060411_61979_0200_PP.tif,1440,960,8.72309133710517,68,0.12828075495742897
316,20060411_62058_0200_PP.tif,1440,960,11.50230334847383,68,0.1691515198304975
317,20060411_62162_0200_PP.tif,1440,960,3.9069135274568922,68,0.057454610697895474
318,20060411_62250_0200_PP.tif,1440,960,2.768581580120342,68,0.04071443500176974
319,20060411_62319_0200_PP.tif,1440,960,6.579665109523084,68,0.0967597810223983
320,20060411_62390_0200_PP.tif,1440,960,6.495360464599174,68,0.0955200068323408
321,20060412_51677_0200_PP.tif,1440,960,2.983910903575837,68,0.043881042699644664
322,20060412_51775_0200_PP.tif,1440,960,9.314280259115664,68,0.13697470969287742
323,20060412_51860_0200_PP.tif,1440,960,8.880275074802006,68,0.1305922805117942
324,20060412_51952_0200_PP.tif,1440,960,11.094733058767563,68,0.16315783909952297
325,20060412_52038_0200_PP.tif,1440,960,3.092397761452914,68,0.045476437668425206
326,20060412_52122_0200_PP.tif,1440,960,2.513648650407473,68,0.036965421329521665
327,20060412_52194_0200_PP.tif,1440,960,8.015075588025331,68,0.11786875864743133
328,20060412_52271_0200_PP.tif,1440,960,5.914941126939148,68,0.08698442833734041
329,20060412_52371_0200_PP.tif,1440,960,0.6475324993051188,68,0.00952253675448704
330,20060412_52446_0200_PP.tif,1440,960,5.009713645544131,68,0.07367225949329603
331,20060412_52587_0200_PP.tif,1440,960,5.746473019145437,68,0.08450695616390348
332,20060412_52668_0200_PP.tif,1440,960,8.529231436875598,68,0.12542987407169998
333,20060412_52758_0200_PP.tif,1440,960,4.622414060923642,68,0.06797667736652414
334,20060412_52840_0200_PP.tif,1440,960,4.425731567443942,68,0.06508428775652857
335,20060412_52910_0200_PP.tif,1440,960,13.588544724758295,68,0.19983154006997492
336,20060412_52978_0200_PP.tif,1440,960,2.835644561607622,68,0.04170065531775915
337,20060412_53045_0200_PP.tif,1440,960,16.574142612253002,68,0.2437373913566618
338,20060412_57680_0200_PP.tif,1440,960,18.39768744726418,68,0.2705542271656497
339,20060412_57874_0200_PP.tif,1440,960,3.5034158842057543,68,0.05152082182655521
340,20060412_57974_0200_PP.tif,1440,960,8.277917138378038,68,0.12173407556438291
341,20060412_58054_0200_PP.tif,1440,960,8.008740611339999,68,0.11777559722558821
342,20060412_58171_0200_PP.tif,1440,960,5.476315501166928,68,0.08053405148774895
343,20060412_58314_0200_PP.tif,1440,960,2.977090035426063,68,0.043780735815089164
344,20060412_58387_0200_PP.tif,1440,960,4.9115007166146265,68,0.07222795171492098
345,20060412_58497_0200_PP.tif,1440,960,6.19139538834146,68,0.09104993218149206
346,20060412_58563_0200_PP.tif,1440,960,4.999119878819927,68,0.0735164688061754
347,20060412_58668_0200_PP.tif,1440,960,3.2091515121993015,68,0.0471934045911662
348,20060412_58747_0200_PP.tif,1440,960,1.001165475364921,68,0.014723021696542956
349,20060412_58819_0200_PP.tif,1440,960,5.586550392058493,68,0.08215515282438961
350,20060412_58945_0200_PP.tif,1440,960,13.87249896287789,68,0.20400733768938073
351,20060412_59012_0200_PP.tif,1440,960,2.461511150983465,68,0.03619869339681566
352,20060412_59100_0200_PP.tif,1440,960,1.9392837449551725,68,0.028518878602281948
353,20060412_59175_0200_PP.tif,1440,960,6.488964272623022,68,0.09542594518563267
354,20060412_59242_0200_PP.tif,1440,960,4.635456400483278,68,0.06816847647769526
355,20060412_59338_0200_PP.tif,1440,960,3.938072976247423,68,0.05791283788599151
356,20060412_59400_0200_PP.tif,1440,960,2.2712026035661665,68,0.03340003828773774
357,20060412_59636_0200_PP.tif,1440,960,7.167252420183033,68,0.1054007708850446
358,20060412_59717_0200_PP.tif,1440,960,31.76629615234254,68,0.46715141400503735
359,20060412_60337_0200_PP.tif,1440,960,4.241074121850637,68,0.06236873708603879
360,20060412_60454_0200_PP.tif,1440,960,9.021070988966818,68,0.13266280866127672
361,20060412_60545_0200_PP.tif,1440,960,5.851257762842657,68,0.08604790827709789
362,20060412_60751_0200_PP.tif,1440,960,2.165714134288003,68,0.03184873726894122
363,20060412_60825_0200_PP.tif,1440,960,2.9110893441945294,68,0.04281013741462543
364,20060412_60895_0200_PP.tif,1440,960,45.106886809106285,68,0.6633365707221512
365,20060412_61000_0200_PP.tif,1440,960,5.726178579191536,68,0.08420850851752258
366,20060412_61081_0200_PP.tif,1440,960,2.8423370513379984,68,0.04179907428438233
367,20060412_61169_0200_PP.tif,1440,960,6.429329976162559,68,0.09454897023768469
368,20060412_61251_0200_PP.tif,1440,960,8.247034981988454,68,0.12127992620571257
369,20060412_61316_0200_PP.tif,1440,960,2.62426536580353,68,0.03859213773240485
370,20060412_61383_0200_PP.tif,1440,960,6.2022849609296085,68,0.09121007295484718
371,20060412_61450_0200_PP.tif,1440,960,10.88953569973035,68,0.1601402308783875
372,20060412_61525_0200_PP.tif,1440,960,4.348835007401667,68,0.06395345599120099
373,20060412_61615_0200_PP.tif,1440,960,5.303765149496702,68,0.07799654631612797
374,20060412_61681_0200_PP.tif,1440,960,3.684342700437614,68,0.05418151030055315
375,20060412_61808_0200_PP.tif,1440,960,11.5492956319606,68,0.16984258282295
376,20060412_62960_0200_PP.tif,1440,960,6.979022497750817,68,0.10263268379045319
377,20060412_63032_0200_PP.tif,1440,960,5.680100827471663,68,0.0835308945216421
378,20060412_63104_0200_PP.tif,1440,960,10.898728938385123,68,0.1602754255644871
379,20051109_57843_0400_PP.tif,1440,960,23.90044881819114,68,0.3514771885028109
380,20051109_59751_0400_PP.tif,1440,960,33.10302172741681,68,0.4868091430502472
381,20051109_59969_0400_PP.tif,1440,960,0.289661600851419,68,0.004259729424285574
382,20051109_60136_0400_PP.tif,1440,960,3.884041750343051,68,0.057118261034456635
383,20051110_34013_0400_PP.tif,1440,960,7.406335802245624,68,0.10891670297420035
384,20051110_34493_0400_PP.tif,1440,960,17.862715618955722,68,0.2626869943964077
385,20051110_35279_0400_PP.tif,1440,960,6.954455311020283,68,0.10227140163265122
386,20051110_35926_0400_PP.tif,1440,960,9.631314443053883,68,0.14163697710373357
387,20051110_38111_0400_PP.tif,1440,960,3.845688765296976,68,0.05655424654848494
388,20051110_38194_0400_PP.tif,1440,960,5.256086795730935,68,0.0772953940548667
389,20051110_38280_0400_PP.tif,1440,960,7.083979974719561,68,0.10417617609881707
390,20051110_38352_0400_PP.tif,1440,960,3.1342801471814075,68,0.04609235510560893
391,20051110_38411_0400_PP.tif,1440,960,4.867213097143807,68,0.07157666319329128
392,20051110_38472_0400_PP.tif,1440,960,17.485249683709103,68,0.25713602476042796
393,20051110_38644_0400_PP.tif,1440,960,21.286444180879656,68,0.31303594383646555
394,20051116_43388_0400_PP.tif,1440,960,7.3088098677453655,68,0.10748249805507891
395,20051116_43679_0400_PP.tif,1440,960,6.721466340274857,68,0.09884509323933613
396,20051116_43721_0400_PP.tif,1440,960,4.276491852983305,68,0.0628895860732839
397,20051116_43801_0400_PP.tif,1440,960,4.778376902941312,68,0.07027024857266635
398,20051116_43995_0400_PP.tif,1440,960,7.751882498263541,68,0.11399827203328737
399,20051116_44051_0400_PP.tif,1440,960,4.72299015581883,68,0.06945573758557103
400,20051116_44083_0400_PP.tif,1440,960,2.6103237246575417,68,0.038387113597905025
401,20051116_44482_0400_PP.tif,2304,1536,322.2880500255516,109,2.95677110115185
402,20051116_44615_0400_PP.tif,2304,1536,13.155374508450928,109,0.12069150925184337
403,20051116_44690_0400_PP.tif,2304,1536,12.481725995856085,109,0.11451124766840445
404,20051116_44750_0400_PP.tif,2304,1536,9.413374743634673,109,0.08636123618013461
405,20051116_44804_0400_PP.tif,2304,1536,4.804422406793418,109,0.04407726978709558
406,20051116_54343_0400_PP.tif,1440,960,8.606323713010466,68,0.1265635840148598
407,20051116_54454_0400_PP.tif,1440,960,7.192413041947551,68,0.10577078002864046
408,20051116_54587_0400_PP.tif,1440,960,5.358328523054144,68,0.0787989488684433
409,20051116_54663_0400_PP.tif,1440,960,1.2245965018381577,68,0.01800877208585526
410,20051116_54825_0400_PP.tif,1440,960,7.16555274978848,68,0.10537577573218353
411,20051116_54839_0400_PP.tif,1440,960,4.608604942007344,68,0.0677736020883433
412,20051116_55573_0400_PP.tif,2304,1536,7.322326363883519,109,0.06717730609067449
413,20051116_55617_0400_PP.tif,2304,1536,3.925696461024441,109,0.036015563862609554
414,20051116_55649_0400_PP.tif,2304,1536,14.338443823222988,109,0.13154535617635768
415,20051116_58804_0400_PP.tif,1440,960,4.397875450590549,68,0.06467463897927278
416,20051116_58835_0400_PP.tif,1440,960,3.547976775049258,68,0.05217612904484203
417,20051116_58864_0400_PP.tif,1440,960,3.2651293568901654,68,0.04801660818956126
418,20051116_59150_0400_PP.tif,2304,1536,14.173226698059922,109,0.1300296027344947
419,20051117_37185_0400_PP.tif,1440,960,3.1875838402515666,68,0.04687623294487598
420,20051117_37232_0400_PP.tif,1440,960,6.106109801617811,68,0.08979573237673252
421,20051130_53586_0400_PP.tif,1440,960,19.430330649876087,68,0.2857401566158248
422,20051117_37051_0400_PP.tif,1440,960,11.32323581181635,68,0.16651817370318162
423,20051117_37100_0400_PP.tif,1440,960,3.534083611253161,68,0.051971817812546485
424,20051130_53623_0400_PP.tif,1440,960,5.2146636209986035,68,0.0766862297205677
425,20051130_53991_0400_PP.tif,1440,960,13.621358583102245,68,0.20031409681032714
426,20051130_54077_0400_PP.tif,1440,960,7.5039270069129795,68,0.11035186774872029
427,20051130_54257_0400_PP.tif,1440,960,3.3843494839311874,68,0.04976984535192923
428,20051130_54323_0400_PP.tif,1440,960,5.618423278327544,68,0.08262387174011095
429,20051130_54364_0400_PP.tif,1440,960,4.385947733588194,68,0.06449923137629697
430,20051130_54476_0400_PP.tif,1440,960,6.071191432460314,68,0.08928222694794578
431,20051130_54595_0400_PP.tif,1440,960,22.374505669993233,68,0.32903684808813577
432,20051130_54802_0400_PP.tif,1440,960,6.702883760184092,68,0.09857182000270723
433,20051130_54943_0400_PP.tif,1440,960,9.700844989735952,68,0.14265948514317575
434,20051130_55004_0400_PP.tif,1440,960,9.942235802022527,68,0.14620935002974303
435,20051130_55037_0400_PP.tif,1440,960,4.013422268747091,68,0.05902091571686898
436,20051130_55074_0400_PP.tif,1440,960,4.113944040494543,68,0.06049917706609622
437,20051130_55107_0400_PP.tif,1440,960,7.075052265995085,68,0.1040448862646336
438,20051130_55160_0400_PP.tif,1440,960,2.6798339453878595,68,0.03940932272629205
439,20051130_55311_0400_PP.tif,1440,960,9.43678226960834,68,0.13877620984718148
440,20051130_55381_0400_PP.tif,1440,960,10.302129704926061,68,0.15150190742538325
441,20051130_58716_0400_PP.tif,2304,1536,4.306125336877684,109,0.03950573703557508
442,20051130_58874_0400_PP.tif,2304,1536,6.045381859444483,109,0.05546221889398608
443,20051130_58921_0400_PP.tif,2304,1536,27.49620731733067,109,0.2522587827278043
444,20051130_58998_0400_PP.tif,2304,1536,3.596187543875387,109,0.03299254627408612
445,20051130_59092_0400_PP.tif,2304,1536,7.351224492402844,109,0.06744242653580591
446,20051130_59284_0400_PP.tif,2304,1536,12.852436714226654,109,0.11791226343327205
447,20051130_59404_0400_PP.tif,2304,1536,4.299267058615907,109,0.03944281705152208
448,20051130_59457_0400_PP.tif,2304,1536,14.085334089431438,109,0.12922324852689393
449,20051130_59749_0400_PP.tif,2304,1536,1.9222353771910667,109,0.017635186946707033
450,20051130_59793_0400_PP.tif,2304,1536,10.889136991732906,109,0.09990033937369638
451,20051130_59825_0400_PP.tif,2304,1536,22.514241194666127,109,0.20655267151069842
452,20051130_59869_0400_PP.tif,2304,1536,8.13225603337718,109,0.07460785351722184
453,20051130_59930_0400_PP.tif,2304,1536,5.731280287300585,109,0.05258055309450078
454,20051130_59993_0400_PP.tif,2304,1536,4.14982155791073,109,0.03807175741202505
455,20051130_60066_0400_PP.tif,2304,1536,8.170018933178833,109,0.07495430213925534
456,20051130_60186_0400_PP.tif,2304,1536,8.51860901589716,109,0.0781523762926345
457,20051130_60448_0400_PP.tif,2304,1536,8.44072207519142,109,0.07743781720359101
458,20051130_60532_0400_PP.tif,2304,1536,16.223171157578964,109,0.14883643263833912
459,20051130_60585_0400_PP.tif,2304,1536,15.31006888059281,109,0.1404593475283744
460,20051130_60630_0400_PP.tif,2304,1536,6.298809830213939,109,0.057787246148751734
461,20051130_60691_0400_PP.tif,2304,1536,13.441915569554178,109,0.12332032632618511
462,20051130_60740_0400_PP.tif,2304,1536,9.47996017848712,109,0.08697211172923963
463,20051130_60794_0400_PP.tif,2304,1536,10.977778177030967,109,0.10071356125716482
464,20051201_37312_0400_PP.tif,2304,1536,11.921822595678293,109,0.10937451922640636
465,20051201_37362_0400_PP.tif,2304,1536,9.851923821072806,109,0.09038462221167712
466,20051201_37390_0400_PP.tif,2304,1536,7.754118765050051,109,0.07113870426651422
467,20051201_37462_0400_PP.tif,2304,1536,10.874751988791699,109,0.09976836686964861
468,20051201_37557_0400_PP.tif,2304,1536,10.550019475130155,109,0.09678916949660692
469,20051201_38081_0400_PP.tif,2304,1536,11.094620070836086,109,0.10178550523702831
470,20051201_38137_0400_PP.tif,2304,1536,11.1906799704754,109,0.10266678871995781
471,20051201_38164_0400_PP.tif,2304,1536,4.454675262959672,109,0.04086858039412543
472,20051201_38199_0400_PP.tif,2304,1536,18.525212529514956,109,0.16995607825243078
473,20051201_38246_0400_PP.tif,2304,1536,5.361576318817068,109,0.049188773567129064
474,20051201_38280_0400_PP.tif,2304,1536,13.57582995395128,109,0.12454889866010348
475,20051201_38321_0400_PP.tif,2304,1536,2.8333181848320597,109,0.025993744814973026
476,20051201_38411_0400_PP.tif,2304,1536,1.1402883113603384,109,0.010461360654682004
477,20051201_38475_0400_PP.tif,2304,1536,12.113487868590992,109,0.11113291622560544
478,20051201_38537_0400_PP.tif,2304,1536,13.728258969691106,109,0.12594732999716612
479,20051202_37003_0400_PP.tif,2304,1536,2.3948895615873806,109,0.021971463867774134
480,20051202_37162_0400_PP.tif,2304,1536,5.899211198592532,109,0.05412120365681222
481,20051202_37227_0400_PP.tif,2304,1536,13.88707611892797,109,0.12740436806355937
482,20051202_38513_0400_PP.tif,2304,1536,8.201631126021526,109,0.07524432225707822
483,20051202_39708_0400_PP.tif,2304,1536,7.5274656465505645,109,0.06905931785826205
484,20051202_40508_0400_PP.tif,1440,960,4.029846157268224,68,0.05926244348923859
485,20051202_41076_0400_PP.tif,1440,960,2.9033704640038245,68,0.04269662447064448
486,20051202_41238_0400_PP.tif,1440,960,4.843719574235133,68,0.0712311702093402
487,20051202_48232_0400_PP.tif,1440,960,12.179006963649964,68,0.1791030435830877
488,20051202_48287_0400_PP.tif,1440,960,9.31555255010829,68,0.13699341985453367
489,20051202_48329_0400_PP.tif,1440,960,3.6682610567765965,68,0.0539450155408323
490,20051202_48421_0400_PP.tif,1440,960,6.061995054155224,68,0.089146986090518
491,20051202_48575_0400_PP.tif,1440,960,7.281502011167257,68,0.10708091192893025
492,20051202_51488_0400_PP.tif,2304,1536,31.183494641827675,109,0.2860871068057585
493,20051202_51574_0400_PP.tif,2304,1536,13.085253632605829,109,0.12004819846427366
494,20051202_51616_0400_PP.tif,2304,1536,10.246220860444092,109,0.09400202624260635
495,20051202_51677_0400_PP.tif,2304,1536,22.162579580902314,109,0.20332641817341573
496,20051202_54208_0400_PP.tif,2304,1536,7.5643864113951755,109,0.06939804047151538
497,20051202_54498_0400_PP.tif,1440,960,10.32187596521377,68,0.15179229360608487
498,20051202_54547_0400_PP.tif,1440,960,7.851154297041143,68,0.11545815142707563
499,20051202_54576_0400_PP.tif,1440,960,4.3754048099548095,68,0.06434418838168837
500,20051202_54744_0400_PP.tif,1440,960,7.662522360988883,68,0.11268415236748358
501,20051202_55457_0400_PP.tif,1440,960,14.029022378951035,68,0.20630915263163288
502,20051202_55498_0400_PP.tif,1440,960,6.668390832573295,68,0.09806457106725434
503,20051202_55562_0400_PP.tif,1440,960,13.900042157670235,68,0.2044123846716211
504,20051202_55607_0400_PP.tif,1440,960,7.348674474943226,68,0.10806874227857685
505,20051202_55650_0400_PP.tif,1440,960,8.438955925387537,68,0.12410229302040496
506,20051202_55697_0400_PP.tif,1440,960,16.854508869926928,68,0.24786042455774893
507,20051202_55816_0400_PP.tif,1440,960,3.543462771165384,68,0.052109746634785056
508,20051202_55846_0400_PP.tif,1440,960,8.024082137991021,68,0.11800120791163267
509,20051202_55921_0400_PP.tif,1440,960,11.751631209917479,68,0.17281810602819822
510,20051202_55969_0400_PP.tif,1440,960,19.13507504465177,68,0.2813981624213496
511,20051202_56000_0400_PP.tif,1440,960,10.167313332739601,68,0.14951931371675883
512,20051202_56028_0400_PP.tif,1440,960,13.666187654448533,68,0.20097334785953724
513,20051205_31388_0400_PP.tif,2304,1536,10.04991069606077,109,0.09220101556019056
514,20051205_31934_0400_PP.tif,2304,1536,16.24265264672694,109,0.1490151618965774
515,20051205_32966_0400_PP.tif,1440,960,5.665755805057119,68,0.08331993830966351
516,20051205_33025_0400_PP.tif,1440,960,12.083833696413523,68,0.17770343671196356
517,20051205_35110_0400_PP.tif,1440,960,4.776986200475261,68,0.07024979706581266
518,20051205_35162_0400_PP.tif,1440,960,9.270806906985072,68,0.13633539569095696
519,20051205_35323_0400_PP.tif,1440,960,8.261695063524025,68,0.12149551564005918
520,20051205_35354_0400_PP.tif,1440,960,6.6852135182256545,68,0.09831196350331844
521,20051205_35408_0400_PP.tif,1440,960,3.7827387762590265,68,0.05562851141557392
522,20051205_35432_0400_PP.tif,1440,960,59.21463467838315,68,0.8708034511526934
523,20051205_57651_0400_PP.tif,2304,1536,17.28271088480115,109,0.158556980594506
524,20051205_57723_0400_PP.tif,2304,1536,10.856018836539452,109,0.0995965030875179
525,20051205_57780_0400_PP.tif,2304,1536,6.326895152886959,109,0.05804490965951338
526,20051205_57809_0400_PP.tif,2304,1536,5.803174314890171,109,0.05324013132926762
527,20051205_57879_0400_PP.tif,2304,1536,6.7494037362125185,109,0.06192113519461026
528,20051205_57988_0400_PP.tif,2304,1536,14.08442304507025,109,0.1292148903217454
529,20051205_58037_0400_PP.tif,2304,1536,12.017121455140666,109,0.11024882068936391
530,20051205_58080_0400_PP.tif,2304,1536,19.134042574415037,109,0.17554167499463336
531,20051205_58109_0400_PP.tif,2304,1536,7.0668162873108225,109,0.06483317694780572
532,20051205_58150_0400_PP.tif,2304,1536,8.681193487823176,109,0.0796439769525062
533,20051205_58354_0400_PP.tif,2304,1536,9.245325737495882,109,0.0848195021788613
534,20051205_58409_0400_PP.tif,2304,1536,8.590297814024005,109,0.07881007168829363
535,20051205_58458_0400_PP.tif,2304,1536,7.72602488684188,109,0.0708809622646044
536,20051205_58577_0400_PP.tif,2304,1536,5.8235633243657166,109,0.05342718646207079
537,20051205_59240_0400_PP.tif,2304,1536,20.058130669731415,109,0.18401954742872859
538,20051205_59337_0400_PP.tif,2304,1536,5.734559188987488,109,0.0526106347613531
539,20051205_59367_0400_PP.tif,2304,1536,6.08523233667366,109,0.05582781960251064
540,20051205_59510_0400_PP.tif,2304,1536,4.142344450477356,109,0.038003160096122535
541,20051205_59617_0400_PP.tif,2304,1536,18.629221944225097,109,0.1709102930662853
542,20051205_59702_0400_PP.tif,2304,1536,24.865118529591307,109,0.22812035348248905
543,20051205_59738_0400_PP.tif,2304,1536,13.232171769747366,109,0.12139607128208592
544,20051205_59833_0400_PP.tif,2304,1536,6.657962119644894,109,0.06108222128114582
545,20051205_59879_0400_PP.tif,2304,1536,12.567660515721478,109,0.11529963775891264
546,20051205_59923_0400_PP.tif,2304,1536,6.950506654253753,109,0.06376611609407114
547,20051205_60119_0400_PP.tif,2304,1536,35.13289619297561,109,0.32232014855940927
548,20051207_55266_0400_PP.tif,1440,960,1.4634036010514226,68,0.021520641191932685
549,20051207_56227_0400_PP.tif,1440,960,33.573901496610375,68,0.4937338455383879
550,20051207_62266_0400_PP.tif,2304,1536,8.98217094627592,109,0.08240523803922863
551,20051207_62320_0400_PP.tif,2304,1536,14.84831814076358,109,0.13622310220884018
552,20051208_39254_0400_PP.tif,2304,1536,1.5051495988854178,109,0.01380871191637998
553,20051208_39404_0400_PP.tif,2304,1536,3.9070367315556247,109,0.03584437368399656
554,20051208_39462_0400_PP.tif,2304,1536,10.140638083794157,109,0.09303337691554273
555,20051208_39498_0400_PP.tif,2304,1536,17.167406393617103,109,0.157499141225845
556,20051208_39532_0400_PP.tif,2304,1536,16.699719475479288,109,0.15320843555485586
557,20051208_40972_0400_PP.tif,2304,1536,16.71125001168755,109,0.15331422029071146
558,20051208_41373_0400_PP.tif,2304,1536,15.671934388239956,109,0.14377921457100878
559,20051208_41707_0400_PP.tif,2304,1536,30.93777049065961,109,0.2838327567950423
560,20051208_42552_0400_PP.tif,2304,1536,24.96054425099182,109,0.2289958188164387
561,20051212_36525_0400_PP.tif,2304,1536,6.56669823750881,109,0.060244937958796416
562,20051212_36605_0400_PP.tif,2304,1536,10.969054767576946,109,0.10063352997777014
563,20051212_37442_0400_PP.tif,2304,1536,6.021909640645576,109,0.05524687743711537
564,20051212_38076_0400_PP.tif,2304,1536,14.759112873408048,109,0.1354047052606243
565,20051212_38130_0400_PP.tif,2304,1536,4.328608528641049,109,0.03971200484991788
566,20051212_41009_0400_PP.tif,2304,1536,2.128479983233357,109,0.01952733929571887
567,20051212_41432_0400_PP.tif,2304,1536,22.99263845028663,109,0.21094163715859293
